,Barking and Dagenham,Barnet,Barnsley,Bath and North East Somerset,Bedford,Bexley,Birmingham,Blackburn with Darwen,Blackpool,Bolton,"Bournemouth, Christchurch and Poole",Bracknell Forest,Bradford,Brent,Brighton and Hove,"Bristol, City of",Bromley,Buckinghamshire,Bury,Calderdale,Cambridgeshire,Camden,Central Bedfordshire,Cheshire East,Cheshire West and Chester,City of London,Cornwall and Isles of Scilly,County Durham,Coventry,Croydon,Cumbria,Darlington,Derby,Derbyshire,Devon,Doncaster,Dorset,Dudley,Ealing,East Riding of Yorkshire,East Sussex,Enfield,Essex,Gateshead,Gloucestershire,Greenwich,Hackney,Halton,Hammersmith and Fulham,Hampshire,Haringey,Harrow,Hartlepool,Havering,"Herefordshire, County of",Hertfordshire,Hillingdon,Hounslow,Isle of Wight,Islington,Kensington and Chelsea,Kent,"Kingston upon Hull, City of",Kingston upon Thames,Kirklees,Knowsley,Lambeth,Lancashire,Leeds,Leicester,Leicestershire,Lewisham,Lincolnshire,Liverpool,Luton,Manchester,Medway,Merton,Middlesbrough,Milton Keynes,Newcastle upon Tyne,Newham,Norfolk,North East Lincolnshire,North Lincolnshire,North Somerset,North Tyneside,North Yorkshire,Northamptonshire,Northumberland,Nottingham,Nottinghamshire,Oldham,Oxfordshire,Peterborough,Plymouth,Portsmouth,Reading,Redbridge,Redcar and Cleveland,Richmond upon Thames,Rochdale,Rotherham,Rutland,Salford,Sandwell,Sefton,Sheffield,Shropshire,Slough,Solihull,Somerset,South Gloucestershire,South Tyneside,Southampton,Southend-on-Sea,Southwark,St. Helens,Staffordshire,Stockport,Stockton-on-Tees,Stoke-on-Trent,Suffolk,Sunderland,Surrey,Sutton,Swindon,Tameside,Telford and Wrekin,Thurrock,Torbay,Tower Hamlets,Trafford,Wakefield,Walsall,Waltham Forest,Wandsworth,Warrington,Warwickshire,West Berkshire,West Sussex,Westminster,Wigan,Wiltshire,Windsor and Maidenhead,Wirral,Wokingham,Wolverhampton,Worcestershire,York
,E09000002,E09000003,E08000016,E06000022,E06000055,E09000004,E08000025,E06000008,E06000009,E08000001,E06000058,E06000036,E08000032,E09000005,E06000043,E06000023,E09000006,E10000002,E08000002,E08000033,E10000003,E09000007,E06000056,E06000049,E06000050,E09000001,E06000052,E06000047,E08000026,E09000008,E10000006,E06000005,E06000015,E10000007,E10000008,E08000017,E06000059,E08000027,E09000009,E06000011,E10000011,E09000010,E10000012,E08000037,E10000013,E09000011,E09000012,E06000006,E09000013,E10000014,E09000014,E09000015,E06000001,E09000016,E06000019,E10000015,E09000017,E09000018,E06000046,E09000019,E09000020,E10000016,E06000010,E09000021,E08000034,E08000011,E09000022,E10000017,E08000035,E06000016,E10000018,E09000023,E10000019,E08000012,E06000032,E08000003,E06000035,E09000024,E06000002,E06000042,E08000021,E09000025,E10000020,E06000012,E06000013,E06000024,E08000022,E10000023,E10000021,E06000057,E06000018,E10000024,E08000004,E10000025,E06000031,E06000026,E06000044,E06000038,E09000026,E06000003,E09000027,E08000005,E08000018,E06000017,E08000006,E08000028,E08000014,E08000019,E06000051,E06000039,E08000029,E10000027,E06000025,E08000023,E06000045,E06000033,E09000028,E08000013,E10000028,E08000007,E06000004,E06000021,E10000029,E08000024,E10000030,E09000029,E06000030,E08000008,E06000020,E06000034,E06000027,E09000030,E08000009,E08000036,E08000030,E09000031,E09000032,E06000007,E10000031,E06000037,E10000032,E09000033,E08000010,E06000054,E06000040,E08000015,E06000041,E08000031,E10000034,E06000014
2020-01-25,0.0,0.0,0.0,0.0,0.0,0.0,0.0,0.0,0.0,0.0,0.0,0.0,0.0,0.0,0.0,0.0,0.0,0.0,0.0,0.0,0.0,0.0,0.0,0.0,0.0,0.0,0.0,0.0,0.0,0.0,0.0,0.0,0.0,0.0,0.0,0.0,0.0,0.0,0.0,0.0,0.0,0.0,0.0,0.0,0.0,0.0,0.0,0.0,0.0,0.0,0.0,0.0,0.0,0.0,0.0,0.0,0.0,0.0,0.0,0.0,0.0,0.0,0.0,0.0,0.0,0.0,0.0,0.0,0.0,0.0,0.0,0.0,0.0,0.0,0.0,0.0,0.0,0.0,0.0,0.0,0.0,0.0,0.0,0.0,0.0,0.0,0.0,0.0,0.0,0.0,0.0,0.0,0.0,0.0,0.0,0.0,0.0,0.0,0.0,0.0,0.0,0.0,0.0,0.0,0.0,0.0,0.0,0.0,0.0,0.0,0.0,0.0,0.0,0.0,0.0,0.0,0.0,0.0,0.0,0.0,0.0,0.0,0.0,0.0,0.0,0.0,0.0,0.0,0.0,0.0,0.0,0.0,0.0,0.0,0.0,0.0,0.0,0.0,0.0,0.0,0.0,0.0,0.0,0.0,0.0,0.0,0.0,0.0,0.0,0.0
2020-01-26,0.0,0.0,0.0,0.0,0.0,0.0,0.0,0.0,0.0,0.0,0.0,0.0,0.0,0.0,0.0,0.0,0.0,0.0,0.0,0.0,0.0,0.0,0.0,0.0,0.0,0.0,0.0,0.0,0.0,0.0,0.0,0.0,0.0,0.0,0.0,0.0,0.0,0.0,0.0,0.0,0.0,0.0,0.0,0.0,0.0,0.0,0.0,0.0,0.0,0.0,0.0,0.0,0.0,0.0,0.0,0.0,0.0,0.0,0.0,0.0,0.0,0.0,0.0,0.0,0.0,0.0,0.0,0.0,0.0,0.0,0.0,0.0,0.0,0.0,0.0,0.0,0.0,0.0,0.0,0.0,0.0,0.0,0.0,0.0,0.0,0.0,0.0,0.0,0.0,0.0,0.0,0.0,0.0,0.0,0.0,0.0,0.0,0.0,0.0,0.0,0.0,0.0,0.0,0.0,0.0,0.0,0.0,0.0,0.0,0.0,0.0,0.0,0.0,0.0,0.0,0.0,0.0,0.0,0.0,0.0,0.0,0.0,0.0,0.0,0.0,0.0,0.0,0.0,0.0,0.0,0.0,0.0,0.0,0.0,0.0,0.0,0.0,0.0,0.0,0.0,0.0,0.0,0.0,0.0,0.0,0.0,0.0,0.0,0.0,0.0
2020-01-27,0.0,0.0,0.0,0.0,0.0,0.0,0.0,0.0,0.0,0.0,0.0,0.0,0.0,0.0,0.0,0.0,0.0,0.0,0.0,0.0,0.0,0.0,0.0,0.0,0.0,0.0,0.0,0.0,0.0,0.0,0.0,0.0,0.0,0.0,0.0,0.0,0.0,0.0,0.0,0.0,0.0,0.0,0.0,0.0,0.0,0.0,0.0,0.0,0.0,0.0,0.0,0.0,0.0,0.0,0.0,0.0,0.0,0.0,0.0,0.0,0.0,0.0,0.0,0.0,0.0,0.0,0.0,0.0,0.0,0.0,0.0,0.0,0.0,0.0,0.0,0.0,0.0,0.0,0.0,0.0,0.0,0.0,0.0,0.0,0.0,0.0,0.0,0.0,0.0,0.0,0.0,0.0,0.0,0.0,0.0,0.0,0.0,0.0,0.0,0.0,0.0,0.0,0.0,0.0,0.0,0.0,0.0,0.0,0.0,0.0,0.0,0.0,0.0,0.0,0.0,0.0,0.0,0.0,0.0,0.0,0.0,0.0,0.0,0.0,0.0,0.0,0.0,0.0,0.0,0.0,0.0,0.0,0.0,0.0,0.0,0.0,0.0,0.0,0.0,0.0,0.0,0.0,0.0,0.0,0.0,0.0,0.0,0.0,0.0,0.0
2020-01-28,0.0,0.0,0.0,0.0,0.0,0.0,0.0,0.0,0.0,0.0,0.0,0.0,0.0,0.0,0.0,0.0,0.0,0.0,0.0,0.0,0.0,0.0,0.0,0.0,0.0,0.0,0.0,0.0,0.0,0.0,0.0,0.0,0.0,0.0,0.0,0.0,0.0,0.0,0.0,0.0,0.0,0.0,0.0,0.0,0.0,0.0,0.0,0.0,0.0,0.0,0.0,0.0,0.0,0.0,0.0,0.0,0.0,0.0,0.0,0.0,0.0,0.0,0.0,0.0,0.0,0.0,0.0,0.0,0.0,0.0,0.0,0.0,0.0,0.0,0.0,0.0,0.0,0.0,0.0,0.0,0.0,0.0,0.0,0.0,0.0,0.0,0.0,0.0,0.0,0.0,0.0,0.0,0.0,0.0,0.0,0.0,0.0,0.0,0.0,0.0,0.0,0.0,0.0,0.0,0.0,0.0,0.0,0.0,0.0,0.0,0.0,0.0,0.0,0.0,0.0,0.0,0.0,0.0,0.0,0.0,0.0,0.0,0.0,0.0,0.0,0.0,0.0,0.0,0.0,0.0,0.0,0.0,0.0,0.0,0.0,0.0,0.0,0.0,0.0,0.0,0.0,0.0,0.0,0.0,0.0,0.0,0.0,0.0,0.0,0.0
2020-01-29,0.0,0.0,0.0,0.0,0.0,0.0,0.0,0.0,0.0,0.0,0.0,0.0,0.0,0.0,0.0,0.0,0.0,0.0,0.0,0.0,0.0,0.0,0.0,0.0,0.0,0.0,0.0,0.0,0.0,0.0,0.0,0.0,0.0,0.0,0.0,0.0,0.0,0.0,0.0,0.0,0.0,0.0,0.0,0.0,0.0,0.0,0.0,0.0,0.0,0.0,0.0,0.0,0.0,0.0,0.0,0.0,0.0,0.0,0.0,0.0,0.0,0.0,0.0,0.0,0.0,0.0,0.0,0.0,0.0,0.0,0.0,0.0,0.0,0.0,0.0,0.0,0.0,0.0,0.0,0.0,0.0,0.0,0.0,0.0,0.0,0.0,0.0,0.0,0.0,0.0,0.0,0.0,0.0,0.0,0.0,0.0,0.0,0.0,0.0,0.0,0.0,0.0,0.0,0.0,0.0,0.0,0.0,0.0,0.0,0.0,0.0,0.0,0.0,0.0,0.0,0.0,0.0,0.0,0.0,0.0,0.0,0.0,0.0,0.0,0.0,0.0,0.0,0.0,0.0,0.0,0.0,0.0,0.0,0.0,0.0,0.0,0.0,0.0,0.0,0.0,0.0,0.0,0.0,0.0,0.0,0.0,0.0,0.0,0.0,0.0
2020-01-30,0.0,0.0,0.0,0.0,0.0,0.0,0.0,0.0,0.0,0.0,0.0,0.0,0.0,0.0,0.0,0.0,0.0,0.0,0.0,0.0,0.0,0.0,0.0,0.0,0.0,0.0,0.0,0.0,0.0,0.0,0.0,0.0,0.0,0.0,0.0,0.0,0.0,0.0,0.0,0.0,0.0,0.0,0.0,0.0,0.0,0.0,0.0,0.0,0.0,0.0,0.0,0.0,0.0,0.0,0.0,0.0,0.0,0.0,0.0,0.0,0.0,0.0,0.0,0.0,0.0,0.0,0.0,0.0,0.0,0.0,0.0,0.0,0.0,0.0,0.0,0.0,0.0,0.0,0.0,0.0,0.0,0.0,0.0,0.0,0.0,0.0,0.0,0.0,0.0,0.0,0.0,0.0,0.0,0.0,0.0,0.0,0.0,0.0,0.0,0.0,0.0,0.0,0.0,0.0,0.0,0.0,0.0,0.0,0.0,0.0,0.0,0.0,0.0,0.0,0.0,0.0,0.0,0.0,0.0,0.0,0.0,0.0,0.0,0.0,0.0,0.0,0.0,0.0,0.0,0.0,0.0,0.0,0.0,0.0,0.0,0.0,0.0,0.0,0.0,0.0,0.0,0.0,0.0,0.0,0.0,0.0,0.0,0.0,0.0,0.0
2020-01-31,0.0,0.0,0.0,0.0,0.0,0.0,0.0,0.0,0.0,0.0,0.0,0.0,0.0,0.0,0.0,0.0,0.0,0.0,0.0,0.0,0.0,0.0,0.0,0.0,0.0,0.0,0.0,0.0,0.0,0.0,0.0,0.0,0.0,0.0,0.0,0.0,0.0,0.0,0.0,0.0,0.0,0.0,0.0,0.0,0.0,0.0,0.0,0.0,0.0,0.0,0.0,0.0,0.0,0.0,0.0,0.0,0.0,0.0,0.0,0.0,0.0,0.0,0.0,0.0,0.0,0.0,0.0,0.0,0.0,0.0,0.0,0.0,0.0,0.0,0.0,0.0,0.0,0.0,0.0,0.0,0.0,0.0,0.0,0.0,0.0,0.0,0.0,0.0,0.0,0.0,0.0,0.0,0.0,0.0,0.0,0.0,0.0,0.0,0.0,0.0,0.0,0.0,0.0,0.0,0.0,0.0,0.0,0.0,0.0,0.0,0.0,0.0,0.0,0.0,0.0,0.0,0.0,0.0,0.0,0.0,0.0,0.0,0.0,0.0,0.0,0.0,0.0,0.0,0.0,0.0,0.0,0.0,0.0,0.0,0.0,0.0,0.0,0.0,0.0,0.0,0.0,0.0,0.0,0.0,0.0,0.0,0.0,0.0,0.0,1.0
2020-02-01,0.0,0.0,0.0,0.0,0.0,0.0,0.0,0.0,0.0,0.0,0.0,0.0,0.0,0.0,0.0,0.0,0.0,0.0,0.0,0.0,0.0,0.0,0.0,0.0,0.0,0.0,0.0,0.0,0.0,0.0,0.0,0.0,0.0,0.0,0.0,0.0,0.0,0.0,0.0,0.0,0.0,0.0,0.0,0.0,0.0,0.0,0.0,0.0,0.0,0.0,0.0,0.0,0.0,0.0,0.0,0.0,0.0,0.0,0.0,0.0,0.0,1.0,0.0,0.0,0.0,0.0,0.0,0.0,0.0,0.0,0.0,0.0,0.0,0.0,0.0,0.0,0.0,0.0,0.0,0.0,0.0,0.0,0.0,0.0,0.0,0.0,0.0,0.0,0.0,0.0,0.0,0.0,0.0,0.0,0.0,0.0,0.0,0.0,0.0,0.0,0.0,0.0,0.0,0.0,0.0,0.0,0.0,0.0,0.0,0.0,0.0,0.0,0.0,0.0,0.0,0.0,0.0,0.0,0.0,0.0,0.0,0.0,0.0,0.0,0.0,0.0,0.0,0.0,0.0,0.0,0.0,0.0,0.0,0.0,0.0,0.0,0.0,0.0,0.0,0.0,0.0,0.0,0.0,0.0,0.0,0.0,0.0,0.0,0.0,1.0
2020-02-02,0.0,0.0,0.0,0.0,0.0,0.0,0.0,0.0,0.0,0.0,0.0,0.0,0.0,0.0,0.0,0.0,0.0,0.0,0.0,0.0,0.0,0.0,0.0,0.0,0.0,0.0,0.0,0.0,0.0,0.0,0.0,0.0,0.0,0.0,0.0,0.0,0.0,0.0,0.0,0.0,0.0,0.0,0.0,0.0,0.0,0.0,0.0,0.0,0.0,0.0,0.0,0.0,0.0,0.0,0.0,0.0,0.0,0.0,0.0,0.0,0.0,1.0,0.0,0.0,0.0,0.0,0.0,0.0,0.0,0.0,0.0,0.0,0.0,0.0,0.0,0.0,0.0,0.0,0.0,0.0,0.0,0.0,0.0,0.0,0.0,0.0,0.0,0.0,0.0,0.0,0.0,0.0,0.0,0.0,0.0,0.0,0.0,0.0,0.0,0.0,0.0,0.0,0.0,0.0,0.0,0.0,0.0,0.0,0.0,0.0,0.0,0.0,0.0,0.0,0.0,0.0,0.0,0.0,0.0,0.0,0.0,0.0,0.0,0.0,0.0,0.0,0.0,0.0,0.0,0.0,0.0,0.0,0.0,0.0,0.0,0.0,0.0,0.0,0.0,0.0,0.0,0.0,0.0,0.0,0.0,0.0,0.0,0.0,0.0,1.0
2020-02-03,0.0,0.0,0.0,0.0,0.0,0.0,0.0,0.0,0.0,0.0,0.0,0.0,0.0,0.0,0.0,0.0,0.0,0.0,0.0,0.0,0.0,0.0,0.0,0.0,0.0,0.0,0.0,0.0,0.0,0.0,0.0,0.0,0.0,0.0,0.0,0.0,0.0,0.0,0.0,0.0,0.0,0.0,0.0,0.0,0.0,0.0,0.0,0.0,0.0,0.0,0.0,0.0,0.0,0.0,0.0,0.0,0.0,0.0,0.0,0.0,0.0,1.0,0.0,0.0,0.0,0.0,0.0,0.0,0.0,0.0,0.0,0.0,0.0,0.0,0.0,0.0,0.0,0.0,0.0,0.0,0.0,0.0,0.0,0.0,0.0,0.0,0.0,0.0,0.0,0.0,0.0,0.0,0.0,0.0,0.0,0.0,0.0,0.0,0.0,0.0,0.0,0.0,0.0,0.0,0.0,0.0,0.0,0.0,0.0,0.0,0.0,0.0,0.0,0.0,0.0,0.0,0.0,0.0,0.0,0.0,0.0,0.0,0.0,0.0,0.0,0.0,0.0,0.0,0.0,0.0,0.0,0.0,0.0,0.0,0.0,0.0,0.0,0.0,0.0,0.0,0.0,0.0,0.0,0.0,0.0,0.0,0.0,0.0,0.0,1.0
2020-02-04,0.0,0.0,1.0,0.0,0.0,0.0,0.0,0.0,0.0,0.0,0.0,0.0,0.0,0.0,0.0,0.0,0.0,0.0,0.0,0.0,0.0,0.0,0.0,0.0,0.0,0.0,0.0,0.0,0.0,0.0,0.0,0.0,0.0,0.0,2.0,0.0,0.0,0.0,0.0,0.0,0.0,0.0,0.0,0.0,0.0,0.0,0.0,0.0,0.0,0.0,0.0,0.0,0.0,0.0,0.0,1.0,0.0,0.0,0.0,0.0,0.0,2.0,0.0,0.0,0.0,0.0,0.0,0.0,0.0,0.0,0.0,0.0,0.0,0.0,0.0,0.0,0.0,0.0,0.0,0.0,0.0,0.0,0.0,0.0,0.0,0.0,0.0,0.0,0.0,0.0,0.0,0.0,0.0,0.0,0.0,0.0,0.0,0.0,0.0,0.0,0.0,0.0,0.0,0.0,0.0,0.0,0.0,0.0,0.0,0.0,0.0,0.0,0.0,0.0,0.0,0.0,0.0,0.0,0.0,0.0,0.0,0.0,0.0,0.0,0.0,0.0,0.0,0.0,0.0,0.0,0.0,0.0,0.0,0.0,0.0,0.0,0.0,0.0,0.0,0.0,0.0,0.0,0.0,0.0,0.0,0.0,0.0,0.0,0.0,1.0
2020-02-05,0.0,0.0,1.0,0.0,0.0,0.0,0.0,0.0,0.0,0.0,0.0,0.0,0.0,0.0,0.0,0.0,0.0,0.0,0.0,0.0,0.0,0.0,0.0,0.0,0.0,0.0,0.0,0.0,0.0,0.0,0.0,0.0,0.0,0.0,2.0,0.0,0.0,0.0,0.0,0.0,0.0,0.0,0.0,0.0,0.0,0.0,0.0,0.0,0.0,0.0,0.0,0.0,0.0,0.0,0.0,1.0,0.0,0.0,0.0,0.0,0.0,2.0,0.0,0.0,0.0,0.0,0.0,0.0,0.0,0.0,0.0,0.0,0.0,0.0,0.0,0.0,0.0,0.0,0.0,0.0,0.0,0.0,0.0,0.0,0.0,0.0,0.0,0.0,0.0,0.0,0.0,0.0,0.0,0.0,0.0,0.0,0.0,0.0,0.0,0.0,0.0,0.0,0.0,0.0,0.0,0.0,0.0,0.0,0.0,0.0,0.0,0.0,0.0,0.0,0.0,0.0,0.0,0.0,0.0,0.0,0.0,0.0,0.0,0.0,0.0,0.0,0.0,0.0,0.0,0.0,0.0,0.0,0.0,0.0,0.0,0.0,0.0,0.0,0.0,0.0,0.0,0.0,0.0,0.0,0.0,0.0,0.0,0.0,0.0,1.0
2020-02-06,0.0,0.0,1.0,0.0,0.0,0.0,0.0,0.0,0.0,0.0,0.0,0.0,0.0,0.0,1.0,0.0,0.0,0.0,0.0,0.0,0.0,0.0,0.0,0.0,0.0,0.0,0.0,0.0,0.0,0.0,0.0,0.0,0.0,0.0,2.0,0.0,0.0,0.0,0.0,0.0,0.0,0.0,0.0,0.0,0.0,0.0,0.0,0.0,0.0,0.0,0.0,0.0,0.0,0.0,0.0,1.0,0.0,0.0,0.0,0.0,0.0,2.0,0.0,0.0,0.0,0.0,0.0,0.0,0.0,0.0,0.0,0.0,0.0,0.0,0.0,0.0,0.0,0.0,0.0,0.0,0.0,0.0,0.0,0.0,0.0,0.0,0.0,0.0,0.0,0.0,0.0,0.0,0.0,0.0,0.0,0.0,0.0,0.0,0.0,0.0,0.0,0.0,0.0,0.0,0.0,0.0,0.0,0.0,0.0,0.0,0.0,0.0,0.0,0.0,0.0,0.0,0.0,0.0,0.0,0.0,0.0,0.0,0.0,0.0,0.0,0.0,0.0,0.0,0.0,0.0,0.0,0.0,0.0,0.0,0.0,0.0,0.0,0.0,0.0,0.0,0.0,0.0,0.0,0.0,0.0,0.0,0.0,0.0,0.0,1.0
2020-02-07,0.0,0.0,1.0,0.0,0.0,0.0,0.0,0.0,0.0,0.0,0.0,0.0,0.0,0.0,1.0,0.0,0.0,0.0,0.0,0.0,0.0,0.0,0.0,0.0,0.0,0.0,0.0,0.0,0.0,0.0,0.0,0.0,0.0,0.0,2.0,0.0,0.0,0.0,0.0,0.0,0.0,0.0,0.0,0.0,0.0,0.0,0.0,0.0,0.0,0.0,0.0,0.0,0.0,0.0,0.0,1.0,0.0,0.0,0.0,0.0,0.0,2.0,0.0,0.0,0.0,0.0,0.0,0.0,0.0,0.0,0.0,0.0,0.0,0.0,0.0,0.0,0.0,0.0,0.0,0.0,0.0,0.0,0.0,0.0,0.0,0.0,0.0,0.0,0.0,0.0,0.0,0.0,0.0,0.0,0.0,0.0,0.0,0.0,0.0,0.0,0.0,0.0,0.0,0.0,0.0,0.0,0.0,0.0,0.0,0.0,0.0,0.0,0.0,0.0,0.0,0.0,0.0,0.0,0.0,0.0,0.0,0.0,0.0,0.0,0.0,0.0,0.0,0.0,0.0,0.0,0.0,0.0,0.0,0.0,0.0,0.0,0.0,0.0,0.0,0.0,0.0,0.0,0.0,0.0,0.0,0.0,0.0,0.0,0.0,1.0
2020-02-08,0.0,0.0,1.0,0.0,0.0,0.0,0.0,0.0,0.0,0.0,0.0,0.0,0.0,0.0,1.0,0.0,0.0,0.0,0.0,0.0,0.0,0.0,0.0,0.0,0.0,0.0,0.0,0.0,0.0,0.0,0.0,0.0,0.0,0.0,2.0,0.0,0.0,0.0,0.0,0.0,0.0,0.0,0.0,0.0,0.0,0.0,0.0,0.0,0.0,0.0,0.0,0.0,0.0,0.0,0.0,1.0,0.0,0.0,0.0,0.0,0.0,2.0,0.0,0.0,0.0,0.0,0.0,0.0,0.0,0.0,0.0,0.0,0.0,0.0,0.0,0.0,0.0,0.0,0.0,0.0,0.0,0.0,0.0,0.0,0.0,0.0,0.0,0.0,0.0,0.0,0.0,0.0,0.0,0.0,0.0,0.0,0.0,0.0,0.0,0.0,0.0,0.0,0.0,0.0,0.0,0.0,0.0,0.0,0.0,0.0,0.0,0.0,0.0,0.0,0.0,0.0,0.0,0.0,0.0,0.0,0.0,0.0,0.0,0.0,0.0,0.0,0.0,0.0,0.0,0.0,0.0,0.0,0.0,0.0,0.0,0.0,0.0,0.0,0.0,0.0,0.0,0.0,0.0,0.0,0.0,0.0,0.0,0.0,0.0,1.0
2020-02-09,0.0,0.0,1.0,0.0,0.0,0.0,0.0,0.0,0.0,0.0,0.0,0.0,0.0,0.0,4.0,0.0,0.0,0.0,0.0,0.0,0.0,0.0,0.0,0.0,0.0,0.0,0.0,0.0,0.0,0.0,0.0,0.0,0.0,0.0,2.0,0.0,0.0,0.0,0.0,0.0,0.0,0.0,0.0,0.0,0.0,0.0,0.0,0.0,0.0,0.0,0.0,0.0,0.0,0.0,0.0,1.0,0.0,0.0,0.0,0.0,0.0,2.0,0.0,0.0,0.0,0.0,0.0,0.0,0.0,0.0,0.0,0.0,0.0,0.0,0.0,0.0,0.0,0.0,0.0,0.0,0.0,0.0,0.0,0.0,0.0,0.0,0.0,0.0,0.0,0.0,0.0,0.0,0.0,0.0,0.0,0.0,0.0,0.0,0.0,0.0,0.0,0.0,0.0,0.0,0.0,0.0,0.0,0.0,0.0,0.0,0.0,0.0,0.0,0.0,0.0,0.0,0.0,0.0,0.0,0.0,0.0,0.0,0.0,0.0,0.0,0.0,0.0,0.0,0.0,0.0,0.0,0.0,0.0,0.0,0.0,0.0,0.0,0.0,0.0,0.0,0.0,0.0,0.0,0.0,0.0,0.0,0.0,0.0,0.0,1.0
2020-02-10,0.0,0.0,1.0,0.0,0.0,0.0,0.0,0.0,0.0,0.0,0.0,0.0,0.0,0.0,5.0,0.0,0.0,0.0,0.0,0.0,0.0,0.0,0.0,0.0,0.0,0.0,0.0,0.0,0.0,0.0,0.0,0.0,0.0,0.0,2.0,0.0,0.0,0.0,0.0,0.0,0.0,0.0,0.0,0.0,0.0,0.0,0.0,0.0,0.0,0.0,0.0,0.0,0.0,0.0,0.0,1.0,0.0,0.0,0.0,0.0,0.0,2.0,0.0,0.0,0.0,0.0,0.0,0.0,0.0,0.0,0.0,0.0,0.0,0.0,0.0,0.0,0.0,0.0,0.0,0.0,0.0,0.0,0.0,0.0,0.0,0.0,0.0,0.0,0.0,0.0,0.0,0.0,0.0,0.0,0.0,0.0,0.0,0.0,0.0,0.0,0.0,0.0,0.0,0.0,0.0,0.0,0.0,0.0,0.0,0.0,0.0,0.0,0.0,0.0,0.0,0.0,0.0,0.0,0.0,0.0,0.0,0.0,0.0,0.0,0.0,0.0,0.0,0.0,0.0,0.0,0.0,0.0,0.0,0.0,0.0,0.0,0.0,0.0,0.0,0.0,0.0,0.0,0.0,0.0,0.0,0.0,0.0,0.0,0.0,1.0
2020-02-11,0.0,0.0,1.0,0.0,0.0,0.0,0.0,0.0,0.0,0.0,0.0,0.0,0.0,0.0,5.0,0.0,0.0,0.0,0.0,0.0,0.0,0.0,0.0,0.0,0.0,0.0,0.0,0.0,0.0,0.0,0.0,0.0,0.0,0.0,2.0,0.0,0.0,0.0,0.0,0.0,0.0,0.0,0.0,0.0,0.0,0.0,0.0,0.0,0.0,0.0,0.0,0.0,0.0,0.0,0.0,1.0,0.0,0.0,0.0,0.0,0.0,2.0,0.0,0.0,0.0,0.0,0.0,0.0,0.0,0.0,0.0,0.0,0.0,0.0,0.0,0.0,0.0,0.0,0.0,0.0,0.0,0.0,0.0,0.0,0.0,0.0,0.0,0.0,0.0,0.0,0.0,0.0,0.0,0.0,0.0,0.0,0.0,0.0,0.0,0.0,0.0,0.0,0.0,0.0,0.0,0.0,0.0,0.0,0.0,0.0,0.0,0.0,0.0,0.0,0.0,0.0,0.0,0.0,0.0,0.0,0.0,0.0,0.0,0.0,0.0,0.0,0.0,0.0,0.0,0.0,0.0,0.0,0.0,0.0,0.0,0.0,0.0,0.0,0.0,0.0,0.0,0.0,0.0,0.0,0.0,0.0,0.0,0.0,0.0,1.0
2020-02-12,0.0,0.0,1.0,0.0,0.0,0.0,0.0,0.0,0.0,0.0,0.0,0.0,0.0,0.0,5.0,0.0,0.0,0.0,0.0,0.0,0.0,0.0,0.0,0.0,0.0,0.0,0.0,0.0,0.0,0.0,0.0,0.0,0.0,0.0,2.0,0.0,0.0,0.0,0.0,0.0,0.0,0.0,0.0,0.0,0.0,0.0,0.0,0.0,0.0,0.0,0.0,0.0,0.0,0.0,0.0,1.0,0.0,0.0,0.0,0.0,0.0,2.0,0.0,0.0,0.0,0.0,0.0,0.0,0.0,0.0,0.0,1.0,0.0,0.0,0.0,0.0,0.0,0.0,0.0,0.0,0.0,0.0,0.0,0.0,0.0,0.0,0.0,0.0,0.0,0.0,0.0,0.0,0.0,0.0,0.0,0.0,0.0,0.0,0.0,0.0,0.0,0.0,0.0,0.0,0.0,0.0,0.0,0.0,0.0,0.0,0.0,0.0,0.0,0.0,0.0,0.0,0.0,0.0,0.0,0.0,0.0,0.0,0.0,0.0,0.0,0.0,0.0,0.0,0.0,0.0,0.0,0.0,0.0,0.0,0.0,0.0,0.0,0.0,0.0,0.0,0.0,0.0,0.0,0.0,0.0,0.0,0.0,0.0,0.0,1.0
2020-02-13,0.0,0.0,1.0,0.0,0.0,0.0,0.0,0.0,0.0,0.0,0.0,0.0,0.0,0.0,5.0,0.0,0.0,0.0,0.0,0.0,0.0,0.0,0.0,0.0,0.0,0.0,0.0,0.0,0.0,0.0,0.0,0.0,0.0,0.0,2.0,0.0,0.0,0.0,0.0,0.0,0.0,0.0,0.0,0.0,0.0,0.0,0.0,0.0,0.0,0.0,0.0,0.0,0.0,0.0,0.0,1.0,0.0,0.0,0.0,0.0,0.0,2.0,0.0,0.0,0.0,0.0,0.0,0.0,0.0,0.0,0.0,1.0,0.0,0.0,0.0,0.0,0.0,0.0,0.0,0.0,0.0,0.0,0.0,0.0,0.0,0.0,0.0,0.0,0.0,0.0,0.0,0.0,0.0,0.0,0.0,0.0,0.0,0.0,0.0,0.0,0.0,0.0,0.0,0.0,0.0,0.0,0.0,0.0,0.0,0.0,0.0,0.0,0.0,0.0,0.0,0.0,0.0,0.0,0.0,0.0,0.0,0.0,0.0,0.0,0.0,0.0,0.0,0.0,0.0,0.0,0.0,0.0,0.0,0.0,0.0,0.0,0.0,0.0,0.0,0.0,0.0,0.0,0.0,0.0,0.0,0.0,0.0,0.0,1.0,1.0
2020-02-14,0.0,0.0,1.0,0.0,0.0,0.0,0.0,0.0,0.0,0.0,0.0,0.0,0.0,0.0,5.0,0.0,0.0,0.0,0.0,0.0,0.0,0.0,0.0,0.0,0.0,0.0,0.0,0.0,0.0,0.0,0.0,0.0,0.0,0.0,2.0,0.0,0.0,0.0,1.0,0.0,0.0,0.0,0.0,0.0,0.0,0.0,0.0,0.0,0.0,0.0,0.0,0.0,0.0,0.0,0.0,1.0,0.0,0.0,0.0,0.0,0.0,2.0,0.0,0.0,0.0,0.0,0.0,0.0,0.0,0.0,0.0,1.0,0.0,0.0,0.0,0.0,0.0,0.0,0.0,0.0,0.0,0.0,0.0,0.0,0.0,0.0,0.0,0.0,0.0,0.0,0.0,0.0,0.0,0.0,0.0,0.0,0.0,0.0,0.0,0.0,0.0,0.0,0.0,0.0,0.0,0.0,0.0,0.0,0.0,0.0,0.0,0.0,0.0,0.0,0.0,0.0,0.0,0.0,0.0,0.0,0.0,0.0,0.0,0.0,0.0,0.0,0.0,0.0,0.0,0.0,0.0,0.0,0.0,0.0,0.0,0.0,0.0,0.0,0.0,0.0,0.0,0.0,0.0,0.0,0.0,0.0,0.0,0.0,1.0,1.0
2020-02-15,0.0,0.0,1.0,0.0,0.0,0.0,0.0,0.0,0.0,0.0,0.0,0.0,0.0,0.0,5.0,0.0,0.0,0.0,0.0,0.0,0.0,0.0,0.0,0.0,0.0,0.0,0.0,0.0,0.0,0.0,0.0,0.0,0.0,0.0,2.0,0.0,0.0,0.0,1.0,0.0,0.0,0.0,0.0,0.0,0.0,0.0,0.0,0.0,0.0,0.0,0.0,0.0,0.0,0.0,0.0,1.0,0.0,0.0,0.0,0.0,0.0,2.0,0.0,0.0,0.0,0.0,0.0,0.0,0.0,0.0,0.0,1.0,0.0,0.0,0.0,0.0,0.0,0.0,0.0,0.0,0.0,0.0,0.0,0.0,0.0,0.0,0.0,0.0,0.0,0.0,0.0,0.0,0.0,0.0,0.0,0.0,0.0,0.0,0.0,0.0,0.0,0.0,0.0,0.0,0.0,0.0,0.0,0.0,0.0,0.0,0.0,0.0,0.0,0.0,0.0,0.0,0.0,0.0,0.0,0.0,0.0,0.0,0.0,0.0,0.0,0.0,0.0,0.0,0.0,0.0,0.0,0.0,0.0,0.0,0.0,0.0,0.0,0.0,0.0,0.0,0.0,0.0,0.0,0.0,0.0,0.0,0.0,0.0,1.0,1.0
2020-02-16,0.0,0.0,1.0,0.0,0.0,0.0,0.0,0.0,0.0,0.0,0.0,0.0,0.0,0.0,5.0,0.0,0.0,0.0,0.0,0.0,0.0,0.0,0.0,0.0,0.0,0.0,0.0,0.0,0.0,0.0,0.0,0.0,0.0,0.0,2.0,0.0,0.0,0.0,1.0,0.0,0.0,0.0,0.0,0.0,0.0,0.0,0.0,0.0,0.0,0.0,0.0,0.0,0.0,0.0,0.0,1.0,0.0,0.0,0.0,0.0,0.0,2.0,0.0,0.0,0.0,0.0,0.0,0.0,0.0,0.0,0.0,1.0,0.0,0.0,0.0,0.0,0.0,0.0,0.0,0.0,0.0,0.0,0.0,0.0,0.0,0.0,0.0,0.0,0.0,0.0,0.0,0.0,0.0,0.0,0.0,0.0,0.0,0.0,0.0,0.0,0.0,0.0,0.0,0.0,0.0,0.0,0.0,0.0,0.0,0.0,0.0,0.0,0.0,0.0,0.0,0.0,0.0,0.0,0.0,0.0,0.0,0.0,0.0,0.0,0.0,0.0,0.0,0.0,0.0,0.0,0.0,0.0,0.0,0.0,0.0,0.0,0.0,0.0,0.0,0.0,0.0,0.0,0.0,0.0,0.0,0.0,0.0,0.0,1.0,1.0
2020-02-17,0.0,0.0,1.0,0.0,0.0,0.0,0.0,0.0,0.0,0.0,0.0,0.0,0.0,0.0,5.0,0.0,0.0,0.0,0.0,0.0,0.0,0.0,0.0,0.0,0.0,0.0,0.0,0.0,0.0,0.0,0.0,0.0,0.0,0.0,2.0,0.0,0.0,0.0,1.0,0.0,0.0,0.0,0.0,0.0,0.0,0.0,0.0,0.0,0.0,0.0,0.0,0.0,0.0,0.0,0.0,1.0,0.0,0.0,0.0,0.0,0.0,2.0,0.0,0.0,0.0,0.0,0.0,0.0,0.0,0.0,0.0,1.0,0.0,0.0,0.0,0.0,0.0,0.0,0.0,0.0,0.0,0.0,0.0,0.0,0.0,0.0,0.0,0.0,0.0,0.0,0.0,0.0,0.0,0.0,0.0,0.0,0.0,0.0,0.0,0.0,0.0,0.0,0.0,0.0,0.0,0.0,0.0,0.0,0.0,0.0,0.0,0.0,0.0,0.0,0.0,0.0,0.0,0.0,0.0,0.0,0.0,0.0,0.0,0.0,0.0,0.0,0.0,0.0,0.0,0.0,0.0,0.0,0.0,0.0,0.0,0.0,0.0,0.0,0.0,0.0,0.0,0.0,0.0,0.0,0.0,0.0,0.0,0.0,1.0,1.0
2020-02-18,0.0,0.0,1.0,0.0,0.0,0.0,0.0,0.0,0.0,0.0,0.0,0.0,0.0,0.0,5.0,0.0,0.0,0.0,0.0,0.0,0.0,0.0,0.0,0.0,0.0,0.0,0.0,0.0,0.0,0.0,0.0,0.0,0.0,0.0,2.0,0.0,0.0,0.0,1.0,0.0,0.0,1.0,0.0,0.0,0.0,0.0,0.0,0.0,0.0,0.0,0.0,0.0,0.0,0.0,0.0,1.0,0.0,0.0,0.0,0.0,0.0,2.0,0.0,0.0,0.0,0.0,0.0,0.0,0.0,0.0,0.0,1.0,0.0,0.0,0.0,0.0,0.0,0.0,0.0,0.0,0.0,0.0,0.0,0.0,0.0,0.0,0.0,0.0,0.0,0.0,0.0,0.0,0.0,0.0,0.0,0.0,0.0,0.0,0.0,0.0,0.0,0.0,0.0,0.0,0.0,0.0,0.0,0.0,0.0,0.0,0.0,0.0,0.0,0.0,0.0,0.0,0.0,0.0,0.0,0.0,0.0,0.0,0.0,0.0,0.0,0.0,0.0,0.0,0.0,0.0,0.0,0.0,0.0,0.0,0.0,0.0,0.0,0.0,0.0,0.0,0.0,0.0,0.0,0.0,0.0,0.0,0.0,0.0,1.0,1.0
2020-02-19,0.0,0.0,1.0,0.0,0.0,0.0,0.0,0.0,0.0,0.0,0.0,0.0,0.0,0.0,5.0,0.0,0.0,0.0,0.0,0.0,0.0,0.0,0.0,0.0,0.0,0.0,0.0,0.0,0.0,0.0,0.0,0.0,0.0,0.0,2.0,0.0,0.0,0.0,1.0,0.0,0.0,1.0,0.0,0.0,0.0,0.0,0.0,0.0,0.0,0.0,0.0,0.0,0.0,0.0,0.0,1.0,0.0,0.0,0.0,0.0,0.0,2.0,0.0,0.0,0.0,0.0,0.0,0.0,0.0,0.0,0.0,1.0,0.0,0.0,0.0,0.0,0.0,0.0,0.0,0.0,0.0,0.0,0.0,0.0,0.0,0.0,0.0,0.0,0.0,0.0,0.0,0.0,0.0,0.0,0.0,0.0,0.0,0.0,0.0,0.0,0.0,0.0,0.0,0.0,0.0,0.0,0.0,0.0,0.0,0.0,0.0,0.0,0.0,0.0,0.0,0.0,0.0,0.0,0.0,0.0,0.0,0.0,0.0,0.0,0.0,0.0,0.0,0.0,0.0,0.0,0.0,0.0,0.0,0.0,0.0,0.0,0.0,0.0,0.0,0.0,0.0,0.0,0.0,0.0,0.0,0.0,0.0,0.0,1.0,1.0
2020-02-20,0.0,0.0,1.0,0.0,0.0,0.0,0.0,0.0,0.0,0.0,0.0,0.0,0.0,0.0,5.0,0.0,0.0,0.0,0.0,0.0,0.0,0.0,0.0,0.0,0.0,0.0,0.0,0.0,0.0,0.0,0.0,0.0,0.0,0.0,2.0,0.0,0.0,0.0,1.0,0.0,0.0,1.0,0.0,0.0,0.0,0.0,1.0,0.0,0.0,0.0,0.0,0.0,0.0,0.0,0.0,1.0,0.0,0.0,0.0,0.0,0.0,2.0,0.0,0.0,0.0,0.0,0.0,0.0,0.0,0.0,0.0,1.0,0.0,0.0,0.0,0.0,0.0,0.0,0.0,0.0,0.0,0.0,0.0,0.0,0.0,0.0,0.0,0.0,0.0,0.0,0.0,0.0,0.0,0.0,0.0,0.0,0.0,0.0,0.0,0.0,0.0,0.0,0.0,0.0,0.0,0.0,0.0,0.0,0.0,0.0,0.0,0.0,0.0,0.0,0.0,0.0,0.0,0.0,0.0,0.0,0.0,0.0,0.0,0.0,0.0,0.0,0.0,0.0,0.0,0.0,0.0,0.0,0.0,0.0,0.0,0.0,0.0,0.0,0.0,0.0,0.0,0.0,0.0,0.0,0.0,0.0,0.0,0.0,1.0,1.0
2020-02-21,0.0,0.0,1.0,0.0,0.0,0.0,0.0,0.0,0.0,0.0,0.0,0.0,0.0,0.0,5.0,0.0,0.0,0.0,0.0,0.0,0.0,0.0,0.0,0.0,0.0,0.0,0.0,0.0,0.0,0.0,0.0,0.0,0.0,0.0,2.0,0.0,0.0,0.0,1.0,0.0,0.0,1.0,0.0,0.0,0.0,0.0,1.0,0.0,0.0,0.0,0.0,0.0,0.0,0.0,0.0,1.0,0.0,0.0,0.0,0.0,0.0,2.0,0.0,0.0,0.0,0.0,0.0,0.0,0.0,0.0,0.0,1.0,0.0,0.0,0.0,0.0,0.0,0.0,0.0,0.0,0.0,0.0,0.0,0.0,0.0,0.0,0.0,0.0,0.0,0.0,0.0,0.0,0.0,0.0,0.0,0.0,0.0,0.0,0.0,0.0,0.0,0.0,0.0,0.0,0.0,0.0,0.0,0.0,0.0,0.0,0.0,0.0,0.0,0.0,0.0,0.0,0.0,0.0,0.0,0.0,0.0,0.0,0.0,0.0,0.0,0.0,0.0,0.0,0.0,0.0,0.0,0.0,0.0,0.0,0.0,0.0,0.0,0.0,0.0,0.0,0.0,0.0,0.0,0.0,0.0,0.0,0.0,0.0,1.0,1.0
2020-02-22,0.0,0.0,1.0,0.0,0.0,0.0,0.0,0.0,0.0,0.0,0.0,0.0,0.0,0.0,5.0,0.0,0.0,0.0,0.0,0.0,0.0,0.0,0.0,0.0,0.0,0.0,0.0,0.0,0.0,0.0,0.0,0.0,0.0,0.0,2.0,0.0,0.0,0.0,1.0,0.0,0.0,1.0,0.0,0.0,0.0,0.0,1.0,0.0,0.0,0.0,0.0,0.0,0.0,0.0,0.0,1.0,0.0,0.0,0.0,0.0,0.0,2.0,0.0,0.0,0.0,0.0,0.0,0.0,0.0,0.0,0.0,1.0,0.0,0.0,0.0,0.0,0.0,0.0,0.0,0.0,0.0,0.0,0.0,0.0,0.0,0.0,0.0,0.0,0.0,0.0,0.0,1.0,0.0,0.0,0.0,0.0,0.0,0.0,0.0,0.0,0.0,0.0,0.0,0.0,0.0,0.0,0.0,0.0,0.0,0.0,0.0,0.0,0.0,0.0,0.0,0.0,0.0,0.0,0.0,0.0,0.0,0.0,0.0,0.0,0.0,0.0,0.0,0.0,0.0,0.0,0.0,0.0,0.0,0.0,0.0,0.0,0.0,0.0,0.0,0.0,0.0,0.0,0.0,0.0,0.0,0.0,0.0,0.0,1.0,1.0
2020-02-23,0.0,0.0,1.0,0.0,0.0,0.0,0.0,0.0,0.0,0.0,0.0,0.0,0.0,0.0,5.0,0.0,0.0,0.0,0.0,0.0,0.0,0.0,0.0,0.0,0.0,0.0,0.0,0.0,0.0,0.0,0.0,0.0,0.0,0.0,2.0,0.0,0.0,0.0,1.0,0.0,0.0,1.0,0.0,0.0,0.0,0.0,1.0,0.0,0.0,0.0,0.0,0.0,0.0,0.0,0.0,1.0,0.0,0.0,0.0,0.0,0.0,2.0,0.0,0.0,0.0,0.0,0.0,0.0,0.0,0.0,0.0,1.0,0.0,0.0,0.0,0.0,0.0,0.0,0.0,0.0,0.0,0.0,0.0,0.0,0.0,0.0,0.0,0.0,0.0,0.0,0.0,1.0,0.0,0.0,0.0,0.0,0.0,0.0,0.0,0.0,0.0,0.0,0.0,0.0,0.0,0.0,0.0,0.0,0.0,0.0,0.0,0.0,0.0,0.0,0.0,0.0,0.0,0.0,0.0,0.0,0.0,0.0,0.0,0.0,0.0,0.0,0.0,0.0,0.0,0.0,0.0,0.0,0.0,0.0,0.0,0.0,0.0,0.0,0.0,0.0,0.0,0.0,0.0,0.0,0.0,0.0,0.0,0.0,1.0,1.0
2020-02-24,0.0,0.0,1.0,0.0,0.0,0.0,0.0,0.0,0.0,0.0,0.0,0.0,0.0,0.0,5.0,0.0,0.0,0.0,0.0,0.0,0.0,0.0,0.0,0.0,0.0,0.0,0.0,0.0,0.0,0.0,0.0,0.0,0.0,0.0,2.0,0.0,0.0,0.0,1.0,0.0,0.0,1.0,0.0,0.0,0.0,0.0,1.0,0.0,0.0,0.0,0.0,0.0,0.0,0.0,0.0,1.0,0.0,0.0,0.0,1.0,0.0,2.0,0.0,0.0,0.0,0.0,0.0,0.0,0.0,0.0,0.0,1.0,0.0,0.0,0.0,0.0,0.0,0.0,0.0,1.0,0.0,0.0,0.0,0.0,0.0,0.0,0.0,0.0,0.0,0.0,0.0,1.0,0.0,0.0,0.0,0.0,0.0,0.0,1.0,0.0,0.0,0.0,0.0,0.0,0.0,0.0,0.0,0.0,0.0,0.0,0.0,0.0,0.0,0.0,0.0,0.0,0.0,0.0,0.0,0.0,0.0,0.0,0.0,0.0,0.0,0.0,0.0,0.0,0.0,0.0,0.0,0.0,0.0,0.0,0.0,0.0,0.0,0.0,1.0,0.0,0.0,0.0,0.0,0.0,0.0,0.0,0.0,0.0,1.0,1.0
2020-02-25,0.0,0.0,1.0,0.0,0.0,0.0,0.0,0.0,0.0,0.0,0.0,0.0,0.0,0.0,5.0,0.0,0.0,0.0,0.0,0.0,0.0,0.0,0.0,0.0,0.0,0.0,0.0,0.0,0.0,0.0,0.0,0.0,0.0,0.0,2.0,0.0,0.0,0.0,1.0,0.0,0.0,1.0,0.0,0.0,0.0,0.0,1.0,0.0,0.0,0.0,0.0,0.0,0.0,0.0,0.0,1.0,0.0,0.0,0.0,1.0,0.0,2.0,0.0,0.0,0.0,0.0,0.0,0.0,0.0,0.0,0.0,1.0,0.0,0.0,0.0,0.0,0.0,0.0,0.0,1.0,0.0,0.0,0.0,0.0,0.0,0.0,0.0,0.0,0.0,0.0,0.0,1.0,0.0,0.0,0.0,0.0,0.0,0.0,1.0,0.0,0.0,0.0,0.0,0.0,0.0,0.0,0.0,0.0,0.0,0.0,0.0,0.0,0.0,0.0,0.0,0.0,0.0,0.0,0.0,0.0,0.0,0.0,0.0,0.0,0.0,0.0,0.0,0.0,0.0,0.0,0.0,0.0,0.0,0.0,0.0,0.0,0.0,0.0,1.0,0.0,1.0,0.0,0.0,0.0,0.0,0.0,0.0,0.0,1.0,1.0
2020-02-26,0.0,0.0,1.0,0.0,0.0,0.0,0.0,0.0,0.0,0.0,0.0,0.0,0.0,0.0,5.0,0.0,0.0,0.0,0.0,0.0,0.0,0.0,0.0,0.0,0.0,0.0,0.0,0.0,0.0,0.0,0.0,0.0,0.0,1.0,2.0,0.0,0.0,0.0,1.0,0.0,0.0,1.0,0.0,0.0,0.0,0.0,1.0,0.0,0.0,0.0,0.0,0.0,0.0,0.0,0.0,1.0,0.0,0.0,0.0,1.0,0.0,2.0,0.0,0.0,0.0,0.0,0.0,0.0,0.0,0.0,0.0,1.0,0.0,0.0,0.0,0.0,0.0,0.0,0.0,1.0,0.0,0.0,0.0,0.0,0.0,0.0,0.0,0.0,0.0,0.0,0.0,1.0,0.0,0.0,0.0,0.0,0.0,0.0,1.0,0.0,0.0,0.0,0.0,0.0,0.0,0.0,0.0,0.0,0.0,0.0,0.0,0.0,0.0,0.0,0.0,0.0,2.0,0.0,0.0,0.0,0.0,0.0,0.0,0.0,1.0,0.0,0.0,0.0,0.0,0.0,0.0,0.0,0.0,0.0,0.0,0.0,0.0,0.0,1.0,0.0,1.0,0.0,0.0,0.0,0.0,0.0,0.0,0.0,1.0,1.0
2020-02-27,0.0,0.0,1.0,0.0,0.0,0.0,0.0,0.0,0.0,0.0,0.0,0.0,0.0,0.0,5.0,0.0,0.0,0.0,0.0,0.0,0.0,0.0,0.0,0.0,0.0,0.0,0.0,0.0,0.0,0.0,0.0,0.0,0.0,1.0,2.0,0.0,0.0,0.0,1.0,0.0,0.0,1.0,0.0,0.0,1.0,0.0,1.0,0.0,0.0,0.0,0.0,0.0,0.0,0.0,0.0,1.0,0.0,0.0,0.0,1.0,0.0,2.0,0.0,0.0,0.0,0.0,0.0,0.0,0.0,0.0,0.0,1.0,0.0,0.0,0.0,0.0,0.0,0.0,0.0,1.0,0.0,0.0,0.0,0.0,0.0,0.0,0.0,0.0,0.0,0.0,0.0,1.0,0.0,0.0,0.0,0.0,0.0,0.0,1.0,0.0,0.0,0.0,0.0,0.0,0.0,0.0,0.0,0.0,0.0,0.0,0.0,0.0,0.0,0.0,0.0,0.0,2.0,0.0,0.0,0.0,0.0,0.0,0.0,0.0,1.0,0.0,0.0,0.0,0.0,0.0,0.0,0.0,0.0,0.0,0.0,0.0,0.0,0.0,1.0,0.0,1.0,0.0,0.0,0.0,0.0,0.0,0.0,0.0,1.0,1.0
2020-02-28,0.0,0.0,1.0,0.0,0.0,0.0,0.0,0.0,0.0,0.0,0.0,0.0,0.0,0.0,5.0,0.0,0.0,0.0,0.0,0.0,0.0,0.0,0.0,0.0,0.0,0.0,0.0,0.0,0.0,0.0,0.0,0.0,0.0,1.0,2.0,0.0,0.0,0.0,1.0,0.0,0.0,1.0,0.0,0.0,1.0,0.0,1.0,0.0,0.0,1.0,0.0,0.0,0.0,0.0,0.0,1.0,0.0,0.0,0.0,1.0,1.0,2.0,0.0,0.0,0.0,0.0,0.0,0.0,0.0,0.0,1.0,1.0,0.0,0.0,0.0,0.0,1.0,0.0,0.0,1.0,0.0,0.0,0.0,0.0,0.0,0.0,0.0,0.0,0.0,0.0,0.0,1.0,0.0,0.0,0.0,0.0,0.0,0.0,1.0,0.0,0.0,0.0,0.0,0.0,0.0,0.0,0.0,0.0,0.0,0.0,0.0,0.0,0.0,0.0,0.0,0.0,2.0,0.0,0.0,0.0,0.0,0.0,0.0,0.0,1.0,0.0,0.0,0.0,0.0,0.0,0.0,0.0,0.0,0.0,0.0,0.0,0.0,0.0,1.0,0.0,1.0,0.0,0.0,0.0,0.0,0.0,1.0,0.0,1.0,1.0
2020-02-29,0.0,1.0,1.0,0.0,0.0,0.0,0.0,0.0,0.0,0.0,0.0,0.0,0.0,1.0,5.0,0.0,0.0,0.0,0.0,0.0,0.0,0.0,0.0,0.0,0.0,0.0,0.0,0.0,0.0,0.0,0.0,0.0,0.0,1.0,2.0,0.0,0.0,0.0,1.0,1.0,0.0,1.0,1.0,0.0,1.0,0.0,1.0,0.0,0.0,1.0,0.0,0.0,0.0,0.0,0.0,1.0,0.0,1.0,0.0,1.0,2.0,2.0,0.0,0.0,0.0,0.0,0.0,0.0,1.0,0.0,1.0,1.0,0.0,0.0,0.0,0.0,1.0,0.0,0.0,1.0,0.0,0.0,0.0,0.0,0.0,0.0,0.0,0.0,0.0,0.0,1.0,1.0,0.0,0.0,0.0,0.0,0.0,0.0,1.0,0.0,0.0,0.0,0.0,0.0,0.0,0.0,0.0,0.0,0.0,0.0,0.0,0.0,0.0,0.0,0.0,0.0,3.0,0.0,0.0,0.0,0.0,0.0,0.0,0.0,2.0,0.0,0.0,0.0,0.0,0.0,0.0,0.0,0.0,0.0,0.0,0.0,0.0,0.0,1.0,0.0,1.0,0.0,1.0,0.0,0.0,0.0,1.0,0.0,1.0,1.0
2020-03-01,0.0,1.0,1.0,0.0,0.0,0.0,0.0,0.0,0.0,0.0,0.0,0.0,0.0,1.0,5.0,0.0,0.0,0.0,0.0,0.0,0.0,0.0,0.0,0.0,0.0,0.0,0.0,0.0,0.0,0.0,0.0,0.0,0.0,1.0,2.0,0.0,0.0,0.0,1.0,1.0,0.0,1.0,1.0,0.0,1.0,0.0,1.0,0.0,0.0,1.0,0.0,0.0,0.0,0.0,0.0,1.0,0.0,1.0,0.0,1.0,2.0,2.0,0.0,1.0,0.0,0.0,0.0,0.0,1.0,0.0,1.0,1.0,0.0,0.0,0.0,0.0,1.0,0.0,0.0,1.0,0.0,0.0,0.0,0.0,0.0,0.0,0.0,0.0,1.0,0.0,1.0,1.0,0.0,0.0,0.0,0.0,0.0,0.0,1.0,0.0,0.0,0.0,0.0,0.0,0.0,0.0,0.0,1.0,0.0,0.0,0.0,0.0,0.0,0.0,0.0,0.0,3.0,0.0,0.0,0.0,0.0,0.0,0.0,0.0,2.0,0.0,0.0,0.0,0.0,0.0,0.0,0.0,0.0,0.0,0.0,0.0,0.0,0.0,1.0,0.0,1.0,0.0,1.0,0.0,0.0,0.0,1.0,0.0,1.0,1.0
2020-03-02,1.0,2.0,1.0,0.0,0.0,0.0,1.0,0.0,0.0,1.0,0.0,0.0,1.0,1.0,5.0,0.0,1.0,1.0,3.0,0.0,0.0,0.0,0.0,0.0,0.0,0.0,0.0,0.0,0.0,0.0,0.0,0.0,0.0,1.0,2.0,0.0,0.0,0.0,2.0,1.0,0.0,1.0,1.0,0.0,2.0,0.0,1.0,0.0,0.0,1.0,0.0,0.0,0.0,0.0,0.0,4.0,0.0,2.0,0.0,1.0,2.0,2.0,1.0,1.0,0.0,0.0,0.0,2.0,2.0,0.0,2.0,1.0,0.0,0.0,0.0,0.0,1.0,1.0,0.0,1.0,0.0,0.0,0.0,0.0,0.0,0.0,0.0,0.0,1.0,0.0,1.0,1.0,0.0,0.0,0.0,0.0,0.0,0.0,1.0,0.0,0.0,0.0,0.0,0.0,0.0,0.0,0.0,2.0,0.0,0.0,0.0,0.0,0.0,0.0,0.0,0.0,3.0,0.0,0.0,1.0,0.0,0.0,0.0,0.0,2.0,0.0,0.0,0.0,0.0,0.0,0.0,0.0,0.0,0.0,1.0,0.0,1.0,0.0,1.0,0.0,3.0,1.0,1.0,1.0,0.0,1.0,1.0,0.0,1.0,1.0
2020-03-03,1.0,2.0,2.0,0.0,0.0,0.0,2.0,0.0,0.0,1.0,0.0,0.0,1.0,1.0,5.0,0.0,1.0,1.0,3.0,0.0,0.0,2.0,0.0,0.0,1.0,0.0,1.0,0.0,0.0,0.0,0.0,0.0,0.0,3.0,5.0,0.0,0.0,0.0,3.0,1.0,0.0,1.0,1.0,0.0,2.0,0.0,1.0,0.0,0.0,1.0,0.0,0.0,0.0,0.0,0.0,4.0,1.0,3.0,0.0,1.0,6.0,2.0,1.0,1.0,0.0,0.0,0.0,2.0,2.0,0.0,2.0,1.0,0.0,1.0,0.0,0.0,1.0,1.0,0.0,1.0,1.0,0.0,0.0,0.0,0.0,0.0,0.0,0.0,1.0,0.0,1.0,1.0,1.0,1.0,0.0,0.0,0.0,0.0,2.0,0.0,0.0,0.0,1.0,0.0,0.0,0.0,0.0,2.0,0.0,0.0,0.0,0.0,0.0,0.0,0.0,0.0,4.0,0.0,1.0,1.0,0.0,0.0,0.0,0.0,2.0,0.0,0.0,0.0,0.0,0.0,4.0,0.0,3.0,0.0,1.0,0.0,2.0,0.0,3.0,0.0,3.0,1.0,1.0,1.0,0.0,1.0,1.0,0.0,1.0,2.0
2020-03-04,1.0,2.0,3.0,0.0,0.0,0.0,2.0,0.0,0.0,1.0,0.0,1.0,1.0,1.0,5.0,1.0,1.0,1.0,3.0,0.0,1.0,2.0,0.0,0.0,1.0,0.0,1.0,0.0,0.0,0.0,2.0,0.0,0.0,4.0,11.0,0.0,0.0,0.0,4.0,1.0,0.0,1.0,2.0,0.0,2.0,0.0,1.0,0.0,0.0,1.0,0.0,1.0,0.0,0.0,0.0,9.0,1.0,4.0,0.0,1.0,6.0,3.0,1.0,1.0,0.0,0.0,1.0,2.0,2.0,0.0,2.0,1.0,2.0,3.0,0.0,1.0,1.0,1.0,0.0,2.0,1.0,0.0,0.0,0.0,0.0,0.0,0.0,1.0,2.0,0.0,1.0,4.0,1.0,4.0,0.0,0.0,0.0,0.0,2.0,0.0,0.0,0.0,1.0,0.0,0.0,0.0,0.0,3.0,0.0,0.0,0.0,0.0,0.0,0.0,0.0,0.0,4.0,0.0,2.0,1.0,0.0,0.0,0.0,0.0,4.0,0.0,1.0,0.0,0.0,0.0,4.0,0.0,3.0,0.0,1.0,0.0,3.0,0.0,3.0,0.0,3.0,2.0,3.0,3.0,0.0,1.0,2.0,0.0,1.0,2.0
2020-03-05,1.0,6.0,3.0,0.0,0.0,0.0,2.0,0.0,0.0,1.0,0.0,1.0,1.0,1.0,6.0,1.0,1.0,2.0,3.0,0.0,1.0,2.0,0.0,0.0,1.0,0.0,2.0,0.0,0.0,0.0,2.0,0.0,0.0,6.0,14.0,0.0,0.0,0.0,5.0,1.0,0.0,1.0,4.0,0.0,3.0,0.0,1.0,0.0,1.0,2.0,0.0,1.0,0.0,0.0,0.0,11.0,2.0,4.0,1.0,1.0,10.0,3.0,1.0,1.0,0.0,0.0,2.0,2.0,3.0,0.0,2.0,2.0,2.0,3.0,2.0,2.0,3.0,1.0,0.0,2.0,2.0,0.0,0.0,0.0,0.0,0.0,0.0,1.0,2.0,0.0,1.0,4.0,1.0,4.0,0.0,0.0,0.0,0.0,2.0,0.0,0.0,0.0,1.0,0.0,0.0,0.0,0.0,4.0,0.0,0.0,0.0,0.0,0.0,0.0,1.0,1.0,5.0,0.0,3.0,1.0,0.0,0.0,0.0,0.0,4.0,1.0,1.0,0.0,0.0,0.0,4.0,2.0,4.0,0.0,1.0,0.0,3.0,0.0,5.0,0.0,3.0,3.0,3.0,4.0,0.0,1.0,2.0,0.0,1.0,2.0
2020-03-06,1.0,7.0,3.0,0.0,0.0,0.0,3.0,0.0,0.0,2.0,2.0,1.0,1.0,1.0,6.0,1.0,1.0,2.0,3.0,0.0,2.0,2.0,0.0,0.0,1.0,0.0,3.0,0.0,1.0,0.0,4.0,0.0,0.0,6.0,15.0,0.0,0.0,0.0,6.0,1.0,0.0,1.0,4.0,0.0,3.0,0.0,1.0,0.0,1.0,3.0,0.0,1.0,0.0,0.0,0.0,11.0,4.0,4.0,1.0,1.0,16.0,5.0,1.0,1.0,0.0,0.0,2.0,4.0,3.0,0.0,3.0,2.0,2.0,3.0,2.0,4.0,3.0,1.0,0.0,2.0,3.0,0.0,0.0,0.0,0.0,0.0,1.0,1.0,3.0,0.0,2.0,4.0,2.0,4.0,0.0,0.0,0.0,0.0,2.0,0.0,0.0,0.0,1.0,0.0,0.0,0.0,0.0,6.0,0.0,0.0,0.0,0.0,0.0,0.0,1.0,1.0,6.0,0.0,4.0,2.0,0.0,0.0,0.0,0.0,4.0,1.0,1.0,0.0,0.0,0.0,4.0,3.0,4.0,0.0,1.0,1.0,3.0,0.0,7.0,0.0,3.0,4.0,4.0,4.0,0.0,1.0,3.0,1.0,1.0,2.0
2020-03-07,1.0,8.0,3.0,0.0,0.0,0.0,3.0,0.0,0.0,2.0,3.0,1.0,1.0,1.0,6.0,2.0,1.0,3.0,3.0,0.0,2.0,3.0,0.0,0.0,1.0,0.0,5.0,0.0,2.0,0.0,4.0,1.0,1.0,7.0,19.0,0.0,0.0,0.0,6.0,1.0,0.0,2.0,5.0,0.0,3.0,0.0,2.0,0.0,3.0,9.0,0.0,1.0,0.0,2.0,1.0,15.0,4.0,4.0,1.0,1.0,16.0,6.0,1.0,1.0,0.0,0.0,3.0,4.0,3.0,0.0,4.0,2.0,2.0,4.0,2.0,4.0,3.0,3.0,0.0,3.0,3.0,0.0,0.0,0.0,1.0,0.0,1.0,2.0,5.0,0.0,2.0,6.0,2.0,7.0,0.0,0.0,0.0,0.0,2.0,0.0,2.0,0.0,1.0,0.0,0.0,0.0,0.0,6.0,0.0,1.0,0.0,1.0,0.0,0.0,1.0,1.0,8.0,0.0,4.0,2.0,0.0,0.0,0.0,0.0,6.0,2.0,2.0,1.0,0.0,0.0,5.0,4.0,4.0,0.0,1.0,2.0,3.0,0.0,7.0,0.0,3.0,9.0,4.0,4.0,1.0,1.0,3.0,1.0,1.0,2.0
2020-03-08,1.0,8.0,3.0,0.0,0.0,0.0,3.0,0.0,0.0,3.0,3.0,1.0,1.0,2.0,7.0,3.0,1.0,4.0,4.0,0.0,2.0,4.0,0.0,0.0,1.0,0.0,5.0,0.0,2.0,1.0,5.0,1.0,1.0,7.0,19.0,0.0,0.0,1.0,7.0,1.0,0.0,2.0,5.0,0.0,3.0,1.0,2.0,0.0,3.0,9.0,0.0,1.0,0.0,2.0,1.0,17.0,4.0,4.0,1.0,1.0,17.0,6.0,1.0,1.0,0.0,0.0,5.0,4.0,5.0,0.0,4.0,3.0,2.0,5.0,2.0,4.0,3.0,3.0,0.0,3.0,4.0,0.0,0.0,0.0,1.0,0.0,1.0,2.0,6.0,0.0,3.0,8.0,4.0,8.0,0.0,0.0,0.0,0.0,2.0,0.0,2.0,0.0,1.0,0.0,0.0,0.0,0.0,9.0,1.0,1.0,0.0,1.0,0.0,0.0,1.0,1.0,9.0,0.0,4.0,2.0,0.0,0.0,1.0,1.0,6.0,3.0,2.0,1.0,0.0,0.0,6.0,5.0,4.0,0.0,1.0,2.0,3.0,0.0,7.0,1.0,3.0,11.0,4.0,4.0,1.0,1.0,3.0,4.0,1.0,2.0
2020-03-09,2.0,9.0,3.0,0.0,0.0,0.0,4.0,0.0,0.0,3.0,3.0,1.0,1.0,3.0,7.0,3.0,2.0,5.0,4.0,0.0,2.0,6.0,0.0,0.0,1.0,0.0,5.0,0.0,3.0,1.0,8.0,1.0,1.0,8.0,20.0,0.0,0.0,1.0,8.0,1.0,0.0,3.0,5.0,0.0,4.0,1.0,3.0,0.0,3.0,10.0,1.0,1.0,0.0,2.0,1.0,19.0,6.0,4.0,1.0,2.0,19.0,7.0,1.0,2.0,0.0,0.0,5.0,4.0,5.0,0.0,4.0,3.0,2.0,5.0,2.0,4.0,3.0,3.0,0.0,3.0,4.0,0.0,0.0,0.0,1.0,0.0,1.0,2.0,6.0,0.0,3.0,8.0,4.0,9.0,0.0,0.0,0.0,1.0,2.0,0.0,2.0,0.0,1.0,0.0,0.0,0.0,0.0,12.0,2.0,4.0,0.0,1.0,1.0,0.0,1.0,1.0,11.0,0.0,4.0,2.0,0.0,0.0,1.0,1.0,8.0,3.0,2.0,1.0,0.0,0.0,6.0,6.0,4.0,0.0,1.0,2.0,5.0,0.0,7.0,1.0,3.0,12.0,4.0,4.0,1.0,3.0,3.0,5.0,1.0,2.0
2020-03-10,3.0,12.0,3.0,0.0,0.0,2.0,5.0,0.0,0.0,3.0,3.0,3.0,1.0,6.0,7.0,3.0,3.0,7.0,4.0,0.0,2.0,7.0,0.0,0.0,1.0,0.0,6.0,1.0,3.0,2.0,9.0,1.0,1.0,11.0,20.0,0.0,0.0,3.0,8.0,1.0,0.0,4.0,6.0,0.0,5.0,1.0,5.0,0.0,6.0,17.0,3.0,6.0,0.0,3.0,1.0,21.0,6.0,4.0,1.0,2.0,23.0,9.0,1.0,2.0,1.0,0.0,7.0,5.0,8.0,0.0,7.0,3.0,3.0,5.0,2.0,6.0,3.0,4.0,0.0,3.0,4.0,1.0,0.0,0.0,1.0,1.0,2.0,3.0,8.0,0.0,4.0,8.0,4.0,12.0,0.0,0.0,1.0,1.0,2.0,0.0,2.0,1.0,3.0,0.0,0.0,0.0,1.0,12.0,3.0,5.0,0.0,1.0,3.0,0.0,1.0,2.0,18.0,0.0,5.0,2.0,1.0,0.0,1.0,1.0,11.0,4.0,2.0,1.0,0.0,0.0,6.0,8.0,4.0,0.0,1.0,3.0,7.0,1.0,8.0,1.0,5.0,18.0,4.0,4.0,2.0,3.0,3.0,5.0,3.0,2.0
2020-03-11,3.0,15.0,3.0,0.0,0.0,4.0,9.0,0.0,1.0,3.0,5.0,3.0,3.0,10.0,9.0,4.0,5.0,14.0,4.0,1.0,5.0,9.0,2.0,1.0,3.0,0.0,7.0,1.0,3.0,2.0,9.0,1.0,3.0,13.0,21.0,2.0,1.0,4.0,13.0,3.0,0.0,9.0,8.0,0.0,5.0,4.0,6.0,0.0,9.0,19.0,6.0,7.0,0.0,3.0,1.0,26.0,8.0,6.0,2.0,4.0,33.0,13.0,1.0,2.0,2.0,0.0,15.0,5.0,8.0,0.0,7.0,4.0,7.0,6.0,2.0,7.0,3.0,10.0,0.0,3.0,5.0,2.0,1.0,0.0,1.0,1.0,2.0,5.0,8.0,0.0,7.0,9.0,6.0,18.0,0.0,1.0,1.0,2.0,2.0,1.0,2.0,2.0,4.0,0.0,1.0,0.0,1.0,18.0,5.0,5.0,0.0,3.0,3.0,0.0,3.0,2.0,24.0,0.0,6.0,3.0,3.0,0.0,3.0,1.0,16.0,6.0,2.0,2.0,1.0,1.0,6.0,10.0,7.0,0.0,2.0,3.0,16.0,1.0,11.0,1.0,5.0,24.0,4.0,5.0,4.0,3.0,5.0,8.0,6.0,3.0
2020-03-12,4.0,26.0,4.0,1.0,0.0,8.0,15.0,0.0,1.0,5.0,5.0,3.0,3.0,20.0,9.0,4.0,10.0,18.0,4.0,3.0,6.0,19.0,3.0,2.0,5.0,0.0,8.0,1.0,5.0,7.0,12.0,1.0,5.0,19.0,22.0,2.0,2.0,4.0,23.0,5.0,3.0,11.0,11.0,0.0,7.0,8.0,14.0,0.0,20.0,28.0,12.0,12.0,0.0,5.0,1.0,32.0,10.0,12.0,2.0,6.0,43.0,16.0,1.0,3.0,3.0,0.0,29.0,7.0,11.0,1.0,11.0,9.0,9.0,6.0,2.0,8.0,7.0,17.0,0.0,3.0,5.0,5.0,2.0,0.0,1.0,6.0,2.0,5.0,12.0,0.0,7.0,15.0,6.0,23.0,0.0,1.0,1.0,2.0,2.0,1.0,3.0,3.0,4.0,0.0,1.0,2.0,1.0,18.0,12.0,10.0,1.0,5.0,6.0,0.0,3.0,2.0,35.0,1.0,7.0,5.0,4.0,0.0,4.0,1.0,21.0,6.0,2.0,3.0,6.0,2.0,6.0,11.0,7.0,1.0,7.0,5.0,26.0,1.0,13.0,1.0,7.0,38.0,4.0,8.0,7.0,4.0,8.0,13.0,10.0,3.0
2020-03-13,8.0,31.0,4.0,3.0,0.0,13.0,22.0,0.0,2.0,6.0,8.0,3.0,5.0,30.0,9.0,5.0,16.0,28.0,4.0,3.0,10.0,24.0,3.0,5.0,6.0,0.0,8.0,1.0,7.0,15.0,18.0,2.0,5.0,21.0,24.0,2.0,4.0,8.0,27.0,7.0,5.0,17.0,18.0,1.0,9.0,14.0,20.0,2.0,21.0,52.0,19.0,20.0,0.0,6.0,1.0,34.0,14.0,13.0,2.0,16.0,49.0,22.0,1.0,4.0,3.0,1.0,33.0,12.0,12.0,2.0,13.0,18.0,12.0,9.0,2.0,8.0,8.0,20.0,0.0,4.0,5.0,7.0,3.0,0.0,1.0,11.0,2.0,8.0,15.0,0.0,10.0,19.0,7.0,24.0,0.0,1.0,2.0,3.0,2.0,1.0,4.0,3.0,4.0,0.0,2.0,6.0,4.0,20.0,22.0,16.0,1.0,8.0,9.0,0.0,3.0,3.0,45.0,1.0,10.0,6.0,4.0,2.0,7.0,1.0,37.0,8.0,2.0,7.0,6.0,2.0,6.0,16.0,10.0,5.0,14.0,6.0,38.0,3.0,17.0,3.0,8.0,52.0,5.0,9.0,11.0,5.0,10.0,18.0,14.0,3.0
2020-03-14,9.0,37.0,4.0,4.0,1.0,17.0,36.0,1.0,2.0,7.0,8.0,3.0,5.0,33.0,11.0,8.0,20.0,34.0,7.0,3.0,15.0,29.0,6.0,7.0,6.0,0.0,9.0,1.0,7.0,19.0,25.0,2.0,6.0,29.0,30.0,2.0,5.0,9.0,30.0,11.0,6.0,21.0,29.0,1.0,12.0,19.0,23.0,3.0,24.0,67.0,27.0,24.0,0.0,7.0,2.0,43.0,17.0,18.0,2.0,22.0,52.0,29.0,1.0,5.0,3.0,1.0,44.0,15.0,12.0,3.0,15.0,21.0,12.0,11.0,3.0,15.0,11.0,27.0,0.0,4.0,7.0,10.0,9.0,0.0,1.0,13.0,5.0,10.0,17.0,1.0,14.0,23.0,9.0,28.0,0.0,3.0,3.0,3.0,5.0,1.0,7.0,4.0,5.0,0.0,4.0,8.0,4.0,24.0,22.0,19.0,1.0,11.0,12.0,0.0,5.0,3.0,53.0,2.0,16.0,9.0,4.0,2.0,8.0,1.0,42.0,12.0,4.0,9.0,6.0,2.0,6.0,19.0,12.0,5.0,16.0,8.0,42.0,3.0,20.0,3.0,11.0,60.0,5.0,13.0,11.0,6.0,10.0,29.0,14.0,4.0
2020-03-15,10.0,43.0,6.0,4.0,1.0,20.0,43.0,1.0,3.0,7.0,9.0,3.0,7.0,40.0,11.0,10.0,26.0,37.0,7.0,3.0,15.0,30.0,6.0,10.0,6.0,0.0,10.0,2.0,7.0,33.0,31.0,2.0,7.0,35.0,32.0,2.0,7.0,11.0,32.0,11.0,6.0,28.0,33.0,1.0,12.0,21.0,28.0,4.0,26.0,72.0,28.0,33.0,0.0,9.0,3.0,47.0,18.0,22.0,2.0,27.0,55.0,34.0,1.0,8.0,3.0,1.0,54.0,15.0,12.0,3.0,16.0,23.0,12.0,13.0,3.0,15.0,11.0,33.0,1.0,5.0,9.0,14.0,10.0,0.0,1.0,15.0,6.0,11.0,19.0,1.0,15.0,31.0,10.0,28.0,2.0,3.0,6.0,6.0,8.0,1.0,7.0,4.0,5.0,0.0,4.0,11.0,6.0,30.0,22.0,21.0,1.0,13.0,12.0,0.0,5.0,4.0,63.0,2.0,20.0,12.0,5.0,3.0,10.0,1.0,51.0,14.0,4.0,11.0,7.0,3.0,6.0,22.0,13.0,5.0,18.0,11.0,53.0,3.0,21.0,4.0,17.0,70.0,6.0,13.0,14.0,8.0,10.0,37.0,15.0,5.0
2020-03-16,15.0,53.0,7.0,4.0,1.0,21.0,55.0,1.0,3.0,9.0,9.0,4.0,7.0,48.0,13.0,11.0,34.0,39.0,7.0,3.0,17.0,33.0,11.0,11.0,8.0,0.0,11.0,3.0,7.0,39.0,32.0,2.0,11.0,45.0,35.0,2.0,8.0,15.0,40.0,11.0,6.0,30.0,39.0,1.0,15.0,27.0,30.0,4.0,29.0,83.0,32.0,39.0,0.0,13.0,6.0,62.0,23.0,27.0,2.0,33.0,56.0,39.0,1.0,10.0,4.0,3.0,67.0,17.0,14.0,3.0,18.0,29.0,14.0,13.0,3.0,18.0,13.0,34.0,1.0,6.0,13.0,21.0,11.0,0.0,1.0,16.0,6.0,11.0,20.0,3.0,17.0,36.0,10.0,33.0,2.0,6.0,9.0,8.0,13.0,1.0,9.0,5.0,5.0,0.0,4.0,15.0,7.0,36.0,22.0,25.0,1.0,14.0,13.0,1.0,6.0,4.0,75.0,3.0,27.0,12.0,5.0,3.0,16.0,3.0,60.0,14.0,5.0,14.0,7.0,3.0,7.0,25.0,15.0,5.0,22.0,15.0,65.0,4.0,24.0,5.0,18.0,75.0,7.0,13.0,15.0,8.0,12.0,40.0,19.0,5.0
2020-03-17,19.0,64.0,7.0,5.0,1.0,25.0,70.0,1.0,4.0,12.0,9.0,5.0,7.0,58.0,15.0,11.0,40.0,48.0,8.0,5.0,18.0,36.0,11.0,11.0,10.0,0.0,14.0,3.0,13.0,52.0,44.0,2.0,17.0,62.0,39.0,4.0,8.0,18.0,54.0,13.0,7.0,32.0,44.0,1.0,19.0,32.0,36.0,5.0,32.0,102.0,34.0,51.0,1.0,15.0,6.0,68.0,32.0,36.0,2.0,38.0,62.0,47.0,1.0,15.0,6.0,3.0,83.0,24.0,15.0,5.0,20.0,40.0,14.0,16.0,3.0,24.0,14.0,40.0,1.0,6.0,13.0,30.0,17.0,0.0,2.0,16.0,7.0,14.0,21.0,4.0,18.0,41.0,14.0,36.0,2.0,7.0,14.0,9.0,19.0,1.0,13.0,8.0,6.0,0.0,9.0,20.0,7.0,50.0,22.0,32.0,3.0,14.0,13.0,2.0,8.0,6.0,91.0,3.0,35.0,15.0,6.0,3.0,17.0,5.0,73.0,17.0,5.0,16.0,8.0,5.0,8.0,28.0,16.0,5.0,23.0,17.0,78.0,4.0,32.0,6.0,21.0,89.0,7.0,17.0,17.0,10.0,12.0,44.0,22.0,5.0
2020-03-18,24.0,71.0,9.0,5.0,3.0,31.0,94.0,1.0,6.0,13.0,10.0,6.0,10.0,81.0,15.0,15.0,49.0,54.0,10.0,5.0,19.0,40.0,11.0,15.0,11.0,0.0,16.0,5.0,17.0,73.0,56.0,2.0,20.0,71.0,41.0,6.0,10.0,20.0,63.0,14.0,13.0,44.0,54.0,2.0,24.0,46.0,43.0,7.0,40.0,117.0,38.0,65.0,1.0,18.0,7.0,73.0,48.0,44.0,2.0,45.0,69.0,52.0,1.0,21.0,7.0,3.0,104.0,28.0,18.0,8.0,24.0,48.0,16.0,20.0,8.0,28.0,16.0,50.0,1.0,9.0,19.0,35.0,23.0,0.0,2.0,17.0,8.0,16.0,25.0,6.0,23.0,44.0,15.0,45.0,2.0,7.0,17.0,11.0,27.0,2.0,18.0,13.0,8.0,0.0,11.0,22.0,8.0,63.0,22.0,37.0,4.0,14.0,14.0,2.0,9.0,8.0,110.0,3.0,40.0,21.0,9.0,4.0,21.0,5.0,92.0,21.0,6.0,19.0,8.0,8.0,9.0,34.0,16.0,5.0,27.0,22.0,98.0,4.0,36.0,7.0,30.0,99.0,8.0,18.0,18.0,10.0,13.0,59.0,28.0,7.0
2020-03-19,29.0,85.0,12.0,10.0,5.0,36.0,126.0,1.0,6.0,16.0,11.0,6.0,12.0,103.0,19.0,22.0,62.0,60.0,12.0,5.0,27.0,50.0,17.0,19.0,13.0,0.0,21.0,7.0,21.0,88.0,79.0,2.0,24.0,82.0,44.0,7.0,11.0,26.0,81.0,15.0,16.0,51.0,63.0,2.0,32.0,58.0,48.0,7.0,49.0,134.0,51.0,88.0,2.0,29.0,7.0,97.0,53.0,54.0,2.0,53.0,77.0,64.0,1.0,23.0,12.0,5.0,121.0,38.0,22.0,13.0,36.0,57.0,21.0,29.0,14.0,31.0,17.0,63.0,2.0,21.0,22.0,47.0,32.0,1.0,2.0,17.0,12.0,19.0,25.0,7.0,25.0,54.0,17.0,52.0,3.0,10.0,20.0,15.0,39.0,2.0,23.0,14.0,10.0,0.0,14.0,29.0,9.0,81.0,26.0,38.0,5.0,15.0,16.0,3.0,11.0,8.0,130.0,5.0,51.0,28.0,9.0,5.0,25.0,6.0,126.0,26.0,8.0,22.0,9.0,13.0,10.0,45.0,21.0,9.0,32.0,33.0,113.0,4.0,51.0,10.0,39.0,108.0,10.0,22.0,18.0,10.0,17.0,65.0,33.0,9.0
2020-03-20,33.0,111.0,17.0,13.0,7.0,41.0,161.0,1.0,6.0,18.0,12.0,7.0,12.0,125.0,21.0,24.0,68.0,66.0,14.0,5.0,34.0,55.0,21.0,23.0,17.0,0.0,23.0,9.0,26.0,97.0,105.0,3.0,34.0,90.0,44.0,11.0,13.0,36.0,99.0,17.0,20.0,66.0,73.0,2.0,34.0,64.0,56.0,7.0,52.0,159.0,61.0,99.0,2.0,36.0,7.0,120.0,66.0,67.0,2.0,62.0,82.0,78.0,1.0,29.0,14.0,5.0,143.0,52.0,28.0,19.0,52.0,73.0,24.0,35.0,18.0,35.0,20.0,74.0,2.0,27.0,27.0,53.0,35.0,1.0,4.0,17.0,15.0,22.0,35.0,9.0,29.0,63.0,22.0,65.0,4.0,12.0,24.0,16.0,51.0,3.0,27.0,15.0,12.0,0.0,21.0,47.0,13.0,107.0,28.0,43.0,10.0,16.0,17.0,4.0,14.0,8.0,145.0,6.0,64.0,35.0,10.0,6.0,26.0,9.0,148.0,29.0,8.0,26.0,11.0,14.0,10.0,55.0,25.0,10.0,40.0,42.0,130.0,6.0,59.0,11.0,48.0,117.0,10.0,27.0,24.0,11.0,19.0,72.0,42.0,11.0
2020-03-21,42.0,132.0,18.0,16.0,7.0,49.0,213.0,3.0,7.0,20.0,12.0,8.0,14.0,146.0,24.0,28.0,86.0,73.0,15.0,5.0,43.0,61.0,23.0,24.0,20.0,5.0,29.0,12.0,27.0,122.0,117.0,3.0,37.0,101.0,47.0,15.0,16.0,47.0,115.0,17.0,24.0,86.0,88.0,3.0,41.0,78.0,65.0,8.0,60.0,189.0,72.0,113.0,3.0,40.0,12.0,142.0,77.0,73.0,3.0,65.0,87.0,94.0,1.0,35.0,18.0,6.0,174.0,60.0,35.0,21.0,58.0,95.0,29.0,45.0,27.0,39.0,22.0,83.0,4.0,29.0,35.0,67.0,38.0,2.0,5.0,19.0,18.0,30.0,45.0,10.0,36.0,72.0,25.0,70.0,9.0,14.0,27.0,16.0,56.0,3.0,36.0,18.0,15.0,0.0,30.0,53.0,15.0,132.0,33.0,48.0,14.0,19.0,17.0,6.0,17.0,8.0,168.0,10.0,79.0,37.0,12.0,7.0,30.0,12.0,174.0,39.0,9.0,28.0,12.0,14.0,15.0,66.0,32.0,12.0,49.0,55.0,153.0,7.0,71.0,14.0,56.0,132.0,11.0,31.0,29.0,13.0,21.0,87.0,56.0,12.0
2020-03-22,52.0,150.0,22.0,17.0,8.0,53.0,243.0,3.0,8.0,21.0,15.0,13.0,17.0,164.0,27.0,36.0,102.0,84.0,17.0,7.0,52.0,76.0,26.0,27.0,21.0,5.0,32.0,15.0,36.0,147.0,140.0,3.0,45.0,121.0,48.0,15.0,19.0,53.0,126.0,17.0,28.0,94.0,107.0,5.0,50.0,96.0,70.0,8.0,72.0,212.0,83.0,131.0,3.0,46.0,12.0,162.0,86.0,87.0,4.0,73.0,92.0,101.0,4.0,36.0,21.0,9.0,192.0,69.0,41.0,26.0,67.0,103.0,33.0,59.0,30.0,42.0,32.0,90.0,5.0,33.0,44.0,73.0,44.0,3.0,5.0,20.0,18.0,41.0,52.0,10.0,42.0,82.0,35.0,76.0,12.0,16.0,28.0,19.0,66.0,4.0,38.0,24.0,19.0,0.0,38.0,60.0,17.0,169.0,35.0,50.0,18.0,22.0,20.0,8.0,23.0,9.0,181.0,12.0,97.0,43.0,12.0,9.0,39.0,17.0,198.0,44.0,9.0,36.0,14.0,17.0,16.0,74.0,36.0,14.0,61.0,67.0,169.0,8.0,80.0,21.0,66.0,145.0,15.0,35.0,31.0,16.0,21.0,98.0,69.0,13.0
2020-03-23,59.0,176.0,29.0,19.0,13.0,62.0,269.0,4.0,8.0,24.0,16.0,15.0,20.0,190.0,30.0,41.0,126.0,96.0,24.0,7.0,57.0,87.0,32.0,32.0,24.0,5.0,35.0,18.0,42.0,171.0,156.0,3.0,59.0,143.0,52.0,23.0,25.0,62.0,144.0,19.0,32.0,112.0,137.0,5.0,58.0,102.0,84.0,8.0,86.0,247.0,94.0,146.0,3.0,59.0,15.0,175.0,96.0,95.0,8.0,81.0,98.0,122.0,4.0,37.0,24.0,11.0,225.0,85.0,52.0,33.0,92.0,122.0,35.0,72.0,35.0,46.0,35.0,98.0,7.0,35.0,49.0,86.0,50.0,4.0,5.0,20.0,20.0,43.0,65.0,13.0,51.0,89.0,40.0,84.0,16.0,16.0,36.0,22.0,78.0,7.0,47.0,25.0,28.0,0.0,45.0,73.0,21.0,212.0,40.0,56.0,21.0,24.0,23.0,8.0,27.0,13.0,209.0,14.0,111.0,49.0,12.0,11.0,46.0,19.0,234.0,53.0,12.0,40.0,14.0,22.0,17.0,78.0,45.0,19.0,71.0,69.0,185.0,10.0,87.0,22.0,75.0,157.0,17.0,41.0,37.0,21.0,24.0,103.0,78.0,13.0
2020-03-24,70.0,207.0,42.0,23.0,23.0,79.0,334.0,7.0,9.0,26.0,17.0,17.0,26.0,236.0,34.0,50.0,161.0,104.0,27.0,9.0,71.0,102.0,42.0,34.0,29.0,5.0,41.0,28.0,53.0,207.0,183.0,4.0,76.0,175.0,57.0,26.0,29.0,79.0,173.0,24.0,36.0,133.0,188.0,10.0,65.0,115.0,104.0,8.0,100.0,296.0,109.0,165.0,3.0,69.0,21.0,233.0,113.0,112.0,10.0,104.0,106.0,169.0,4.0,48.0,28.0,12.0,253.0,120.0,68.0,44.0,110.0,149.0,43.0,90.0,42.0,58.0,46.0,113.0,8.0,57.0,67.0,112.0,62.0,6.0,6.0,20.0,24.0,56.0,82.0,20.0,56.0,97.0,46.0,106.0,19.0,19.0,45.0,26.0,95.0,9.0,63.0,35.0,38.0,1.0,56.0,95.0,28.0,273.0,44.0,66.0,30.0,28.0,31.0,10.0,33.0,19.0,253.0,18.0,137.0,55.0,15.0,15.0,62.0,25.0,284.0,78.0,15.0,43.0,19.0,31.0,19.0,89.0,50.0,26.0,90.0,90.0,212.0,15.0,115.0,30.0,89.0,179.0,20.0,47.0,44.0,28.0,25.0,112.0,92.0,14.0
2020-03-25,82.0,246.0,58.0,26.0,30.0,92.0,401.0,11.0,10.0,31.0,22.0,18.0,35.0,264.0,41.0,54.0,191.0,113.0,35.0,10.0,88.0,122.0,50.0,41.0,33.0,5.0,44.0,34.0,72.0,234.0,228.0,6.0,97.0,196.0,63.0,35.0,31.0,92.0,207.0,26.0,45.0,157.0,225.0,17.0,79.0,132.0,124.0,13.0,114.0,330.0,128.0,191.0,3.0,85.0,24.0,278.0,131.0,127.0,10.0,124.0,113.0,206.0,5.0,64.0,34.0,16.0,279.0,161.0,86.0,64.0,131.0,164.0,56.0,115.0,57.0,67.0,62.0,136.0,10.0,71.0,87.0,124.0,76.0,10.0,7.0,21.0,28.0,65.0,98.0,28.0,62.0,114.0,58.0,129.0,21.0,26.0,51.0,28.0,106.0,11.0,77.0,42.0,50.0,2.0,72.0,112.0,35.0,332.0,54.0,73.0,45.0,32.0,36.0,15.0,35.0,25.0,283.0,29.0,158.0,65.0,17.0,20.0,72.0,43.0,326.0,95.0,19.0,48.0,22.0,33.0,21.0,106.0,60.0,33.0,106.0,101.0,240.0,18.0,135.0,33.0,109.0,195.0,26.0,55.0,46.0,38.0,26.0,135.0,109.0,16.0
2020-03-26,93.0,291.0,68.0,30.0,36.0,111.0,462.0,12.0,11.0,36.0,27.0,21.0,42.0,310.0,47.0,66.0,217.0,136.0,38.0,14.0,105.0,144.0,56.0,53.0,38.0,5.0,48.0,47.0,88.0,277.0,275.0,9.0,108.0,216.0,78.0,46.0,34.0,109.0,243.0,32.0,56.0,178.0,292.0,18.0,103.0,151.0,140.0,16.0,133.0,373.0,140.0,220.0,5.0,98.0,24.0,333.0,148.0,144.0,11.0,135.0,128.0,260.0,8.0,77.0,44.0,26.0,315.0,199.0,97.0,69.0,144.0,188.0,67.0,139.0,68.0,81.0,72.0,159.0,17.0,81.0,106.0,157.0,88.0,15.0,10.0,28.0,32.0,77.0,128.0,36.0,71.0,131.0,72.0,144.0,22.0,29.0,65.0,36.0,121.0,14.0,92.0,50.0,59.0,2.0,78.0,129.0,53.0,380.0,58.0,79.0,61.0,37.0,49.0,19.0,41.0,27.0,312.0,40.0,196.0,74.0,19.0,25.0,77.0,53.0,380.0,107.0,22.0,52.0,25.0,37.0,22.0,133.0,70.0,44.0,122.0,125.0,284.0,19.0,149.0,40.0,132.0,218.0,32.0,60.0,55.0,44.0,28.0,146.0,131.0,17.0
2020-03-27,100.0,346.0,89.0,35.0,45.0,122.0,554.0,14.0,15.0,42.0,36.0,24.0,52.0,354.0,56.0,80.0,245.0,146.0,52.0,20.0,117.0,173.0,64.0,63.0,43.0,6.0,59.0,61.0,107.0,321.0,325.0,12.0,116.0,236.0,93.0,55.0,44.0,133.0,272.0,35.0,70.0,194.0,354.0,28.0,118.0,162.0,163.0,18.0,157.0,429.0,149.0,249.0,6.0,109.0,25.0,382.0,167.0,159.0,12.0,143.0,150.0,314.0,11.0,90.0,55.0,33.0,358.0,262.0,118.0,82.0,160.0,214.0,90.0,173.0,77.0,103.0,83.0,173.0,24.0,88.0,125.0,195.0,114.0,18.0,13.0,31.0,38.0,89.0,149.0,48.0,87.0,167.0,86.0,170.0,26.0,38.0,70.0,43.0,136.0,20.0,104.0,65.0,75.0,3.0,96.0,143.0,65.0,427.0,72.0,91.0,78.0,44.0,52.0,21.0,56.0,35.0,344.0,52.0,234.0,89.0,25.0,30.0,95.0,64.0,435.0,120.0,27.0,60.0,31.0,47.0,27.0,167.0,85.0,57.0,141.0,159.0,317.0,22.0,177.0,44.0,152.0,238.0,47.0,67.0,60.0,55.0,33.0,159.0,154.0,18.0
2020-03-28,112.0,400.0,104.0,39.0,60.0,141.0,623.0,18.0,17.0,49.0,45.0,26.0,72.0,402.0,68.0,94.0,275.0,163.0,61.0,26.0,135.0,192.0,76.0,77.0,60.0,7.0,74.0,75.0,120.0,363.0,378.0,14.0,124.0,264.0,105.0,59.0,50.0,147.0,309.0,38.0,83.0,210.0,424.0,32.0,137.0,180.0,179.0,25.0,165.0,487.0,168.0,288.0,7.0,119.0,27.0,434.0,193.0,186.0,13.0,158.0,170.0,371.0,13.0,101.0,65.0,40.0,393.0,306.0,139.0,90.0,175.0,248.0,107.0,200.0,89.0,117.0,91.0,197.0,31.0,98.0,145.0,233.0,134.0,21.0,15.0,37.0,49.0,107.0,169.0,55.0,96.0,198.0,97.0,198.0,32.0,41.0,73.0,46.0,157.0,30.0,123.0,76.0,85.0,3.0,109.0,162.0,81.0,454.0,82.0,102.0,95.0,52.0,58.0,28.0,69.0,42.0,392.0,66.0,270.0,97.0,33.0,33.0,115.0,73.0,491.0,141.0,30.0,68.0,39.0,59.0,33.0,189.0,93.0,64.0,162.0,186.0,347.0,32.0,195.0,49.0,171.0,251.0,60.0,85.0,64.0,70.0,43.0,185.0,176.0,23.0
2020-03-29,123.0,434.0,118.0,41.0,65.0,151.0,703.0,22.0,22.0,60.0,52.0,31.0,86.0,434.0,76.0,104.0,307.0,184.0,71.0,31.0,144.0,203.0,86.0,85.0,71.0,7.0,84.0,94.0,138.0,385.0,406.0,16.0,145.0,301.0,118.0,78.0,58.0,163.0,329.0,41.0,91.0,230.0,481.0,45.0,160.0,196.0,191.0,34.0,177.0,566.0,184.0,315.0,10.0,125.0,31.0,479.0,204.0,194.0,15.0,165.0,179.0,420.0,13.0,107.0,74.0,50.0,430.0,348.0,165.0,101.0,190.0,269.0,129.0,227.0,99.0,148.0,100.0,211.0,41.0,108.0,157.0,268.0,157.0,22.0,17.0,39.0,66.0,120.0,188.0,65.0,100.0,228.0,110.0,220.0,37.0,44.0,78.0,56.0,172.0,41.0,133.0,89.0,101.0,3.0,127.0,180.0,93.0,519.0,95.0,107.0,124.0,57.0,66.0,29.0,79.0,48.0,424.0,76.0,292.0,107.0,43.0,37.0,121.0,77.0,547.0,158.0,31.0,75.0,45.0,66.0,36.0,201.0,106.0,77.0,194.0,207.0,367.0,40.0,222.0,55.0,188.0,271.0,67.0,92.0,72.0,83.0,50.0,204.0,211.0,30.0
2020-03-30,134.0,464.0,131.0,47.0,68.0,165.0,809.0,30.0,26.0,63.0,58.0,35.0,106.0,487.0,85.0,116.0,329.0,195.0,78.0,40.0,156.0,209.0,91.0,98.0,94.0,8.0,95.0,107.0,155.0,411.0,455.0,17.0,165.0,328.0,128.0,94.0,65.0,187.0,354.0,51.0,103.0,239.0,535.0,53.0,177.0,208.0,205.0,36.0,184.0,615.0,200.0,337.0,11.0,134.0,35.0,541.0,222.0,209.0,15.0,176.0,188.0,479.0,16.0,120.0,89.0,62.0,457.0,384.0,186.0,102.0,194.0,294.0,144.0,263.0,109.0,171.0,109.0,224.0,55.0,118.0,187.0,289.0,178.0,25.0,23.0,43.0,73.0,134.0,211.0,71.0,107.0,259.0,120.0,241.0,40.0,49.0,80.0,66.0,191.0,48.0,148.0,97.0,128.0,4.0,141.0,209.0,105.0,581.0,108.0,113.0,137.0,61.0,75.0,34.0,88.0,59.0,458.0,96.0,336.0,119.0,48.0,54.0,141.0,88.0,596.0,169.0,36.0,88.0,55.0,73.0,37.0,221.0,114.0,88.0,215.0,231.0,390.0,50.0,248.0,58.0,204.0,288.0,81.0,95.0,74.0,105.0,63.0,216.0,239.0,30.0
2020-03-31,145.0,506.0,146.0,52.0,75.0,180.0,932.0,38.0,32.0,80.0,71.0,38.0,129.0,544.0,91.0,133.0,368.0,224.0,94.0,52.0,181.0,226.0,102.0,110.0,110.0,10.0,106.0,127.0,178.0,467.0,489.0,26.0,187.0,367.0,137.0,113.0,77.0,215.0,382.0,63.0,117.0,265.0,611.0,83.0,210.0,221.0,222.0,48.0,196.0,700.0,220.0,366.0,16.0,150.0,40.0,627.0,241.0,233.0,18.0,194.0,210.0,541.0,19.0,139.0,108.0,83.0,509.0,481.0,213.0,107.0,208.0,321.0,172.0,306.0,125.0,195.0,119.0,247.0,72.0,132.0,206.0,326.0,205.0,29.0,26.0,51.0,76.0,165.0,264.0,78.0,118.0,294.0,138.0,280.0,46.0,56.0,84.0,76.0,216.0,55.0,160.0,108.0,155.0,4.0,162.0,244.0,124.0,656.0,116.0,123.0,151.0,70.0,90.0,48.0,106.0,72.0,510.0,119.0,377.0,142.0,64.0,68.0,164.0,117.0,696.0,192.0,42.0,98.0,61.0,83.0,42.0,236.0,133.0,99.0,242.0,255.0,417.0,68.0,288.0,69.0,236.0,314.0,100.0,108.0,83.0,123.0,78.0,237.0,284.0,34.0
2020-04-01,163.0,551.0,179.0,52.0,85.0,200.0,1063.0,46.0,44.0,102.0,77.0,47.0,149.0,590.0,97.0,151.0,412.0,247.0,100.0,57.0,201.0,244.0,118.0,128.0,128.0,11.0,126.0,152.0,207.0,514.0,557.0,28.0,211.0,418.0,152.0,127.0,82.0,237.0,421.0,78.0,144.0,291.0,698.0,102.0,240.0,251.0,253.0,57.0,213.0,779.0,238.0,392.0,19.0,176.0,49.0,704.0,274.0,255.0,19.0,212.0,228.0,634.0,21.0,151.0,127.0,97.0,550.0,568.0,237.0,134.0,252.0,359.0,198.0,347.0,151.0,228.0,136.0,275.0,87.0,149.0,240.0,370.0,230.0,31.0,33.0,55.0,95.0,184.0,312.0,95.0,132.0,334.0,151.0,331.0,50.0,58.0,85.0,81.0,242.0,63.0,176.0,127.0,184.0,6.0,191.0,279.0,157.0,766.0,125.0,129.0,168.0,78.0,101.0,61.0,125.0,87.0,544.0,137.0,418.0,160.0,72.0,71.0,190.0,163.0,760.0,211.0,46.0,116.0,67.0,93.0,49.0,260.0,146.0,115.0,272.0,291.0,458.0,87.0,308.0,73.0,267.0,326.0,124.0,118.0,90.0,139.0,85.0,260.0,322.0,39.0
2020-04-02,184.0,588.0,205.0,57.0,100.0,229.0,1171.0,54.0,49.0,127.0,92.0,57.0,170.0,646.0,116.0,168.0,461.0,266.0,116.0,63.0,214.0,263.0,137.0,159.0,157.0,11.0,147.0,204.0,234.0,569.0,631.0,32.0,241.0,469.0,177.0,144.0,97.0,255.0,448.0,87.0,165.0,318.0,806.0,135.0,274.0,280.0,285.0,64.0,239.0,850.0,261.0,415.0,22.0,205.0,55.0,788.0,296.0,287.0,26.0,229.0,244.0,745.0,26.0,160.0,151.0,115.0,599.0,659.0,268.0,167.0,297.0,394.0,231.0,395.0,168.0,257.0,169.0,302.0,110.0,163.0,281.0,410.0,252.0,36.0,41.0,63.0,130.0,216.0,366.0,135.0,148.0,368.0,173.0,373.0,56.0,66.0,91.0,95.0,264.0,74.0,191.0,143.0,206.0,6.0,208.0,309.0,185.0,829.0,138.0,140.0,183.0,86.0,107.0,70.0,138.0,103.0,600.0,165.0,472.0,193.0,85.0,88.0,219.0,207.0,852.0,248.0,54.0,131.0,71.0,103.0,52.0,284.0,174.0,132.0,308.0,316.0,496.0,104.0,337.0,87.0,292.0,344.0,137.0,128.0,99.0,157.0,99.0,279.0,356.0,51.0
2020-04-03,206.0,653.0,219.0,61.0,113.0,246.0,1273.0,66.0,67.0,144.0,104.0,60.0,189.0,704.0,128.0,183.0,498.0,298.0,124.0,74.0,236.0,288.0,159.0,187.0,183.0,11.0,164.0,239.0,254.0,649.0,698.0,37.0,260.0,495.0,200.0,155.0,107.0,285.0,489.0,94.0,182.0,344.0,906.0,158.0,305.0,303.0,323.0,78.0,261.0,937.0,288.0,446.0,24.0,235.0,59.0,890.0,313.0,320.0,27.0,250.0,264.0,827.0,34.0,176.0,173.0,137.0,642.0,753.0,298.0,191.0,316.0,446.0,245.0,451.0,191.0,291.0,193.0,335.0,123.0,175.0,312.0,444.0,279.0,37.0,45.0,70.0,144.0,235.0,417.0,159.0,168.0,408.0,196.0,443.0,61.0,78.0,96.0,105.0,292.0,81.0,199.0,152.0,221.0,6.0,229.0,346.0,217.0,881.0,146.0,143.0,208.0,105.0,116.0,83.0,155.0,117.0,640.0,191.0,530.0,221.0,98.0,97.0,240.0,244.0,922.0,277.0,66.0,149.0,78.0,120.0,54.0,310.0,201.0,149.0,356.0,343.0,534.0,128.0,388.0,92.0,313.0,361.0,161.0,138.0,103.0,209.0,103.0,296.0,387.0,62.0
2020-04-04,221.0,690.0,228.0,65.0,133.0,271.0,1354.0,75.0,75.0,179.0,115.0,70.0,213.0,758.0,139.0,203.0,528.0,322.0,142.0,86.0,253.0,307.0,173.0,201.0,219.0,11.0,182.0,276.0,277.0,697.0,741.0,43.0,282.0,530.0,219.0,171.0,122.0,301.0,519.0,106.0,194.0,370.0,999.0,177.0,335.0,326.0,348.0,96.0,280.0,1026.0,314.0,469.0,30.0,267.0,64.0,968.0,357.0,344.0,28.0,264.0,279.0,919.0,44.0,196.0,194.0,159.0,680.0,865.0,335.0,217.0,342.0,492.0,282.0,510.0,209.0,321.0,208.0,358.0,149.0,187.0,344.0,501.0,322.0,47.0,58.0,78.0,157.0,267.0,473.0,181.0,184.0,448.0,216.0,512.0,71.0,92.0,106.0,114.0,312.0,98.0,214.0,168.0,239.0,7.0,241.0,377.0,262.0,924.0,165.0,153.0,228.0,120.0,126.0,100.0,165.0,135.0,688.0,221.0,577.0,252.0,114.0,108.0,270.0,292.0,986.0,297.0,73.0,162.0,85.0,125.0,54.0,344.0,227.0,177.0,383.0,373.0,562.0,144.0,427.0,102.0,365.0,388.0,185.0,153.0,107.0,253.0,113.0,307.0,423.0,70.0
2020-04-05,227.0,728.0,240.0,66.0,138.0,293.0,1436.0,85.0,89.0,202.0,123.0,77.0,234.0,807.0,152.0,213.0,561.0,343.0,153.0,94.0,272.0,330.0,185.0,220.0,250.0,11.0,197.0,307.0,295.0,742.0,794.0,53.0,300.0,563.0,252.0,178.0,129.0,328.0,545.0,120.0,214.0,389.0,1083.0,208.0,379.0,339.0,372.0,107.0,296.0,1100.0,331.0,493.0,36.0,288.0,68.0,1022.0,374.0,360.0,31.0,279.0,286.0,986.0,52.0,207.0,208.0,174.0,711.0,955.0,352.0,232.0,362.0,520.0,301.0,557.0,223.0,361.0,232.0,372.0,170.0,197.0,367.0,544.0,351.0,50.0,62.0,84.0,181.0,294.0,515.0,206.0,199.0,475.0,229.0,551.0,75.0,102.0,112.0,128.0,336.0,111.0,222.0,185.0,250.0,7.0,257.0,396.0,295.0,966.0,173.0,167.0,251.0,126.0,135.0,113.0,176.0,150.0,725.0,249.0,619.0,278.0,125.0,114.0,289.0,338.0,1055.0,304.0,85.0,177.0,92.0,133.0,58.0,364.0,243.0,188.0,409.0,394.0,588.0,160.0,462.0,115.0,398.0,404.0,199.0,162.0,116.0,295.0,122.0,326.0,439.0,74.0
2020-04-06,243.0,768.0,242.0,71.0,144.0,311.0,1506.0,93.0,92.0,217.0,135.0,81.0,262.0,844.0,163.0,227.0,587.0,356.0,170.0,97.0,298.0,346.0,202.0,247.0,282.0,11.0,208.0,333.0,305.0,778.0,873.0,55.0,302.0,571.0,272.0,178.0,135.0,348.0,559.0,130.0,226.0,401.0,1137.0,228.0,410.0,361.0,392.0,122.0,306.0,1174.0,339.0,519.0,39.0,308.0,72.0,1084.0,390.0,379.0,33.0,283.0,292.0,1058.0,56.0,216.0,220.0,188.0,728.0,1049.0,388.0,252.0,393.0,547.0,322.0,603.0,250.0,397.0,251.0,389.0,191.0,217.0,391.0,568.0,386.0,52.0,62.0,88.0,199.0,316.0,549.0,229.0,210.0,495.0,242.0,599.0,81.0,103.0,122.0,136.0,358.0,119.0,229.0,196.0,259.0,8.0,276.0,420.0,322.0,1032.0,180.0,172.0,261.0,135.0,145.0,128.0,188.0,158.0,750.0,269.0,651.0,304.0,137.0,121.0,320.0,387.0,1121.0,314.0,95.0,191.0,101.0,142.0,61.0,383.0,262.0,209.0,426.0,420.0,605.0,183.0,486.0,121.0,425.0,421.0,221.0,180.0,120.0,338.0,130.0,336.0,463.0,78.0
2020-04-07,254.0,805.0,255.0,82.0,158.0,335.0,1569.0,103.0,98.0,249.0,153.0,85.0,298.0,881.0,173.0,240.0,624.0,382.0,194.0,107.0,317.0,362.0,221.0,280.0,313.0,11.0,226.0,419.0,330.0,820.0,970.0,76.0,304.0,596.0,286.0,179.0,147.0,366.0,589.0,150.0,245.0,435.0,1237.0,270.0,446.0,397.0,415.0,145.0,322.0,1276.0,352.0,544.0,48.0,330.0,83.0,1175.0,413.0,396.0,37.0,291.0,303.0,1200.0,71.0,229.0,248.0,219.0,770.0,1162.0,437.0,278.0,424.0,591.0,359.0,655.0,278.0,469.0,281.0,426.0,208.0,236.0,430.0,609.0,433.0,58.0,69.0,94.0,231.0,346.0,592.0,257.0,231.0,525.0,276.0,649.0,89.0,108.0,132.0,141.0,384.0,128.0,240.0,213.0,267.0,8.0,309.0,443.0,358.0,1096.0,190.0,181.0,273.0,151.0,155.0,151.0,197.0,177.0,789.0,297.0,692.0,349.0,146.0,125.0,350.0,447.0,1207.0,338.0,104.0,218.0,104.0,150.0,63.0,408.0,284.0,233.0,459.0,445.0,639.0,216.0,523.0,127.0,475.0,432.0,244.0,193.0,123.0,385.0,137.0,358.0,499.0,88.0
2020-04-08,276.0,849.0,276.0,89.0,174.0,375.0,1654.0,117.0,108.0,273.0,172.0,96.0,331.0,909.0,189.0,261.0,660.0,419.0,222.0,114.0,343.0,381.0,240.0,308.0,343.0,11.0,240.0,482.0,352.0,865.0,1042.0,87.0,318.0,632.0,311.0,187.0,156.0,385.0,633.0,170.0,273.0,467.0,1328.0,314.0,500.0,412.0,442.0,157.0,344.0,1391.0,381.0,573.0,59.0,363.0,86.0,1253.0,440.0,419.0,39.0,304.0,322.0,1320.0,83.0,247.0,274.0,234.0,809.0,1268.0,501.0,300.0,444.0,620.0,388.0,722.0,308.0,528.0,318.0,443.0,233.0,256.0,470.0,649.0,484.0,61.0,74.0,98.0,257.0,378.0,616.0,287.0,253.0,561.0,318.0,721.0,98.0,116.0,140.0,154.0,431.0,140.0,254.0,240.0,288.0,8.0,325.0,471.0,397.0,1145.0,199.0,199.0,292.0,161.0,164.0,170.0,212.0,195.0,836.0,328.0,748.0,377.0,165.0,136.0,377.0,496.0,1324.0,367.0,121.0,228.0,116.0,164.0,69.0,425.0,303.0,256.0,492.0,465.0,665.0,246.0,560.0,138.0,530.0,447.0,277.0,203.0,133.0,434.0,147.0,373.0,542.0,101.0
2020-04-09,294.0,898.0,292.0,97.0,195.0,391.0,1742.0,129.0,121.0,318.0,187.0,106.0,367.0,952.0,208.0,289.0,703.0,451.0,246.0,124.0,370.0,403.0,256.0,341.0,371.0,13.0,256.0,536.0,362.0,919.0,1129.0,107.0,329.0,675.0,323.0,202.0,173.0,401.0,669.0,191.0,291.0,498.0,1419.0,358.0,558.0,435.0,459.0,171.0,363.0,1477.0,394.0,598.0,65.0,394.0,91.0,1338.0,458.0,442.0,44.0,315.0,342.0,1423.0,92.0,268.0,295.0,254.0,841.0,1368.0,544.0,320.0,462.0,643.0,403.0,798.0,343.0,581.0,340.0,457.0,238.0,267.0,500.0,685.0,541.0,65.0,84.0,103.0,275.0,407.0,649.0,322.0,269.0,594.0,349.0,784.0,103.0,120.0,151.0,167.0,460.0,140.0,263.0,276.0,309.0,9.0,357.0,505.0,430.0,1195.0,217.0,208.0,306.0,176.0,191.0,189.0,225.0,200.0,877.0,343.0,797.0,407.0,174.0,154.0,415.0,547.0,1404.0,396.0,136.0,255.0,122.0,182.0,72.0,446.0,334.0,281.0,511.0,486.0,690.0,284.0,592.0,143.0,569.0,461.0,304.0,213.0,136.0,483.0,159.0,405.0,583.0,111.0
2020-04-10,309.0,932.0,311.0,108.0,218.0,407.0,1802.0,146.0,132.0,360.0,204.0,109.0,395.0,981.0,214.0,306.0,733.0,473.0,269.0,130.0,400.0,420.0,272.0,380.0,399.0,13.0,274.0,593.0,387.0,962.0,1198.0,121.0,340.0,712.0,344.0,227.0,190.0,414.0,699.0,200.0,318.0,528.0,1482.0,394.0,599.0,453.0,475.0,186.0,373.0,1550.0,414.0,629.0,74.0,419.0,96.0,1414.0,490.0,466.0,46.0,326.0,360.0,1540.0,105.0,287.0,310.0,283.0,872.0,1472.0,586.0,351.0,496.0,674.0,425.0,864.0,359.0,644.0,360.0,479.0,256.0,280.0,541.0,719.0,594.0,69.0,101.0,114.0,291.0,433.0,682.0,358.0,281.0,646.0,386.0,844.0,105.0,129.0,161.0,182.0,490.0,149.0,272.0,299.0,328.0,9.0,381.0,530.0,463.0,1248.0,231.0,216.0,325.0,189.0,204.0,201.0,247.0,206.0,918.0,364.0,854.0,442.0,192.0,165.0,442.0,594.0,1468.0,418.0,155.0,269.0,124.0,187.0,93.0,461.0,353.0,294.0,543.0,510.0,714.0,306.0,632.0,145.0,607.0,479.0,335.0,229.0,146.0,523.0,164.0,424.0,622.0,120.0
2020-04-11,319.0,953.0,336.0,124.0,235.0,421.0,1867.0,158.0,149.0,389.0,226.0,113.0,413.0,1020.0,225.0,324.0,756.0,499.0,289.0,142.0,425.0,430.0,290.0,409.0,424.0,13.0,286.0,649.0,402.0,987.0,1232.0,125.0,352.0,738.0,372.0,231.0,202.0,441.0,744.0,222.0,336.0,552.0,1539.0,427.0,662.0,467.0,489.0,198.0,389.0,1633.0,425.0,656.0,78.0,445.0,102.0,1491.0,510.0,482.0,51.0,330.0,371.0,1665.0,123.0,297.0,322.0,295.0,888.0,1545.0,633.0,371.0,523.0,682.0,454.0,898.0,381.0,681.0,383.0,491.0,273.0,297.0,570.0,743.0,642.0,73.0,104.0,118.0,299.0,457.0,709.0,382.0,294.0,664.0,434.0,914.0,109.0,142.0,170.0,196.0,500.0,158.0,280.0,317.0,350.0,10.0,410.0,566.0,477.0,1305.0,237.0,230.0,348.0,205.0,210.0,219.0,256.0,216.0,949.0,376.0,914.0,474.0,198.0,189.0,475.0,631.0,1550.0,432.0,169.0,279.0,131.0,191.0,98.0,476.0,376.0,308.0,564.0,526.0,744.0,334.0,662.0,158.0,633.0,488.0,359.0,234.0,148.0,553.0,180.0,449.0,653.0,126.0
2020-04-12,323.0,973.0,360.0,134.0,244.0,434.0,1898.0,168.0,164.0,419.0,233.0,122.0,430.0,1042.0,233.0,350.0,779.0,518.0,315.0,145.0,439.0,439.0,304.0,438.0,439.0,13.0,299.0,701.0,417.0,1009.0,1256.0,134.0,365.0,761.0,388.0,239.0,205.0,461.0,770.0,228.0,348.0,573.0,1599.0,453.0,694.0,478.0,504.0,209.0,393.0,1685.0,435.0,672.0,82.0,463.0,108.0,1546.0,527.0,491.0,53.0,333.0,375.0,1724.0,136.0,301.0,337.0,311.0,933.0,1638.0,668.0,388.0,546.0,696.0,477.0,938.0,396.0,724.0,401.0,509.0,288.0,311.0,590.0,770.0,694.0,78.0,120.0,125.0,314.0,481.0,743.0,421.0,306.0,687.0,468.0,945.0,111.0,143.0,183.0,205.0,511.0,174.0,286.0,333.0,360.0,10.0,435.0,578.0,504.0,1357.0,245.0,242.0,360.0,223.0,216.0,231.0,263.0,220.0,976.0,386.0,954.0,501.0,209.0,201.0,502.0,678.0,1615.0,452.0,186.0,287.0,133.0,199.0,99.0,489.0,392.0,316.0,573.0,541.0,758.0,351.0,696.0,167.0,660.0,499.0,401.0,250.0,157.0,588.0,183.0,459.0,690.0,129.0
2020-04-13,338.0,990.0,381.0,136.0,254.0,440.0,1948.0,180.0,175.0,444.0,255.0,129.0,452.0,1068.0,244.0,364.0,790.0,525.0,331.0,153.0,452.0,447.0,322.0,457.0,466.0,13.0,319.0,730.0,438.0,1035.0,1290.0,149.0,374.0,782.0,419.0,247.0,210.0,473.0,791.0,243.0,360.0,595.0,1645.0,473.0,732.0,492.0,515.0,213.0,400.0,1756.0,447.0,685.0,88.0,482.0,117.0,1596.0,538.0,501.0,55.0,340.0,378.0,1841.0,146.0,310.0,343.0,319.0,949.0,1701.0,706.0,410.0,558.0,708.0,501.0,973.0,419.0,761.0,414.0,518.0,302.0,317.0,607.0,784.0,734.0,80.0,128.0,126.0,321.0,508.0,762.0,458.0,317.0,715.0,490.0,984.0,113.0,150.0,190.0,230.0,535.0,182.0,293.0,349.0,386.0,11.0,456.0,596.0,525.0,1391.0,261.0,251.0,367.0,234.0,220.0,240.0,273.0,228.0,987.0,401.0,989.0,515.0,219.0,211.0,529.0,707.0,1669.0,457.0,196.0,305.0,136.0,204.0,101.0,503.0,404.0,334.0,586.0,559.0,764.0,358.0,718.0,174.0,689.0,507.0,424.0,261.0,163.0,615.0,194.0,468.0,712.0,134.0
2020-04-14,355.0,1012.0,413.0,142.0,270.0,450.0,1993.0,191.0,190.0,479.0,269.0,144.0,465.0,1093.0,253.0,380.0,821.0,546.0,352.0,159.0,465.0,460.0,331.0,488.0,481.0,13.0,340.0,775.0,456.0,1061.0,1342.0,154.0,378.0,811.0,443.0,257.0,214.0,489.0,824.0,260.0,373.0,609.0,1726.0,493.0,772.0,503.0,523.0,221.0,409.0,1835.0,461.0,708.0,92.0,499.0,124.0,1652.0,555.0,510.0,56.0,346.0,385.0,1957.0,161.0,321.0,362.0,337.0,965.0,1784.0,734.0,419.0,571.0,736.0,523.0,1009.0,434.0,801.0,425.0,538.0,321.0,332.0,627.0,804.0,788.0,84.0,135.0,131.0,335.0,533.0,780.0,489.0,330.0,742.0,506.0,1037.0,120.0,162.0,194.0,257.0,554.0,196.0,298.0,369.0,421.0,12.0,474.0,629.0,557.0,1462.0,278.0,265.0,377.0,248.0,222.0,256.0,284.0,238.0,1009.0,410.0,1029.0,553.0,228.0,226.0,547.0,741.0,1763.0,511.0,211.0,325.0,139.0,212.0,104.0,517.0,415.0,349.0,608.0,578.0,778.0,375.0,745.0,186.0,720.0,517.0,449.0,278.0,165.0,650.0,211.0,496.0,738.0,146.0
2020-04-15,368.0,1032.0,440.0,151.0,290.0,473.0,2075.0,207.0,198.0,510.0,287.0,154.0,482.0,1127.0,266.0,397.0,841.0,567.0,363.0,167.0,485.0,469.0,347.0,516.0,502.0,13.0,350.0,814.0,469.0,1109.0,1394.0,161.0,383.0,842.0,468.0,261.0,222.0,499.0,850.0,287.0,386.0,644.0,1776.0,518.0,799.0,533.0,531.0,231.0,418.0,1899.0,471.0,723.0,100.0,513.0,129.0,1713.0,572.0,531.0,56.0,353.0,391.0,2024.0,189.0,338.0,386.0,345.0,976.0,1874.0,770.0,432.0,593.0,751.0,554.0,1040.0,458.0,851.0,438.0,550.0,341.0,348.0,658.0,819.0,844.0,90.0,151.0,136.0,346.0,548.0,813.0,520.0,341.0,787.0,525.0,1089.0,124.0,178.0,205.0,293.0,568.0,201.0,306.0,394.0,441.0,12.0,502.0,659.0,587.0,1510.0,293.0,282.0,397.0,265.0,230.0,283.0,301.0,245.0,1029.0,420.0,1080.0,573.0,243.0,240.0,568.0,771.0,1849.0,536.0,228.0,340.0,144.0,216.0,107.0,524.0,439.0,364.0,630.0,594.0,797.0,404.0,765.0,198.0,754.0,528.0,479.0,283.0,175.0,696.0,226.0,513.0,787.0,153.0
2020-04-16,379.0,1053.0,452.0,158.0,302.0,485.0,2154.0,216.0,211.0,540.0,295.0,159.0,521.0,1153.0,281.0,419.0,863.0,592.0,387.0,179.0,499.0,489.0,360.0,542.0,523.0,13.0,358.0,858.0,491.0,1145.0,1430.0,171.0,392.0,873.0,493.0,281.0,230.0,523.0,892.0,311.0,403.0,655.0,1838.0,537.0,841.0,547.0,543.0,243.0,446.0,1993.0,484.0,737.0,107.0,529.0,132.0,1766.0,586.0,544.0,60.0,361.0,395.0,2200.0,221.0,351.0,398.0,370.0,999.0,1953.0,823.0,447.0,620.0,770.0,579.0,1078.0,466.0,881.0,454.0,560.0,352.0,360.0,675.0,836.0,899.0,90.0,167.0,145.0,357.0,584.0,842.0,539.0,350.0,816.0,550.0,1127.0,128.0,189.0,217.0,317.0,575.0,206.0,314.0,413.0,470.0,12.0,525.0,697.0,619.0,1585.0,303.0,298.0,416.0,283.0,249.0,305.0,310.0,251.0,1051.0,448.0,1135.0,597.0,252.0,254.0,604.0,820.0,1960.0,562.0,240.0,352.0,151.0,218.0,110.0,536.0,447.0,383.0,649.0,619.0,815.0,417.0,793.0,207.0,788.0,543.0,500.0,301.0,185.0,734.0,238.0,529.0,829.0,160.0
2020-04-17,389.0,1067.0,461.0,162.0,321.0,506.0,2235.0,227.0,227.0,563.0,321.0,164.0,537.0,1187.0,292.0,446.0,888.0,619.0,402.0,184.0,529.0,500.0,367.0,575.0,543.0,13.0,383.0,896.0,507.0,1176.0,1467.0,177.0,396.0,901.0,513.0,302.0,234.0,559.0,907.0,332.0,417.0,673.0,1891.0,551.0,898.0,557.0,550.0,253.0,471.0,2069.0,489.0,753.0,112.0,548.0,137.0,1823.0,600.0,555.0,68.0,367.0,404.0,2367.0,231.0,370.0,417.0,390.0,1018.0,2041.0,874.0,456.0,666.0,785.0,614.0,1122.0,470.0,896.0,470.0,574.0,364.0,376.0,696.0,849.0,946.0,91.0,179.0,148.0,367.0,608.0,869.0,556.0,365.0,851.0,576.0,1175.0,140.0,193.0,223.0,345.0,588.0,212.0,325.0,425.0,484.0,13.0,556.0,730.0,637.0,1632.0,318.0,306.0,427.0,314.0,255.0,335.0,324.0,254.0,1071.0,471.0,1188.0,617.0,260.0,265.0,656.0,844.0,2031.0,581.0,256.0,368.0,157.0,227.0,111.0,546.0,465.0,394.0,672.0,626.0,835.0,443.0,831.0,224.0,837.0,553.0,533.0,315.0,199.0,760.0,255.0,555.0,864.0,170.0
2020-04-18,398.0,1081.0,475.0,168.0,337.0,516.0,2328.0,232.0,247.0,589.0,334.0,170.0,569.0,1215.0,307.0,460.0,910.0,648.0,433.0,192.0,555.0,510.0,389.0,606.0,574.0,13.0,397.0,935.0,527.0,1195.0,1498.0,184.0,407.0,939.0,544.0,321.0,243.0,579.0,924.0,345.0,437.0,703.0,1936.0,571.0,924.0,567.0,559.0,263.0,486.0,2155.0,494.0,771.0,112.0,556.0,143.0,1871.0,619.0,566.0,69.0,379.0,412.0,2548.0,246.0,379.0,428.0,416.0,1028.0,2123.0,924.0,467.0,700.0,811.0,636.0,1157.0,494.0,911.0,495.0,590.0,382.0,389.0,713.0,863.0,1001.0,100.0,198.0,166.0,379.0,628.0,884.0,581.0,386.0,892.0,596.0,1221.0,151.0,200.0,231.0,364.0,597.0,218.0,330.0,441.0,505.0,13.0,580.0,755.0,663.0,1670.0,339.0,316.0,437.0,348.0,262.0,359.0,344.0,255.0,1086.0,493.0,1235.0,637.0,262.0,281.0,687.0,881.0,2093.0,596.0,267.0,379.0,167.0,231.0,127.0,548.0,476.0,406.0,706.0,632.0,853.0,456.0,857.0,234.0,878.0,559.0,572.0,323.0,206.0,790.0,282.0,582.0,914.0,182.0
2020-04-19,404.0,1094.0,484.0,172.0,348.0,525.0,2387.0,246.0,269.0,606.0,346.0,175.0,589.0,1239.0,319.0,473.0,922.0,666.0,450.0,196.0,563.0,524.0,400.0,630.0,587.0,13.0,410.0,981.0,539.0,1220.0,1521.0,192.0,410.0,946.0,558.0,339.0,251.0,606.0,937.0,357.0,451.0,713.0,1976.0,597.0,956.0,575.0,564.0,269.0,490.0,2214.0,497.0,783.0,123.0,565.0,153.0,1909.0,634.0,576.0,72.0,383.0,418.0,2649.0,270.0,391.0,440.0,422.0,1039.0,2198.0,957.0,482.0,716.0,817.0,650.0,1176.0,527.0,940.0,512.0,596.0,405.0,394.0,730.0,871.0,1040.0,102.0,210.0,172.0,396.0,646.0,909.0,606.0,388.0,906.0,620.0,1255.0,152.0,202.0,236.0,369.0,602.0,222.0,333.0,451.0,527.0,13.0,600.0,776.0,675.0,1729.0,347.0,324.0,448.0,361.0,271.0,372.0,359.0,256.0,1103.0,502.0,1282.0,660.0,268.0,293.0,749.0,913.0,2140.0,599.0,273.0,387.0,184.0,235.0,130.0,553.0,489.0,419.0,718.0,645.0,864.0,467.0,899.0,248.0,905.0,562.0,598.0,333.0,208.0,809.0,286.0,598.0,947.0,186.0
2020-04-20,415.0,1103.0,507.0,182.0,351.0,543.0,2438.0,251.0,290.0,629.0,354.0,177.0,596.0,1253.0,327.0,485.0,931.0,682.0,458.0,198.0,579.0,529.0,402.0,651.0,605.0,13.0,416.0,1008.0,544.0,1227.0,1540.0,197.0,414.0,973.0,565.0,346.0,257.0,618.0,948.0,378.0,464.0,720.0,2004.0,613.0,985.0,579.0,569.0,278.0,496.0,2264.0,510.0,796.0,126.0,575.0,159.0,1942.0,644.0,587.0,73.0,383.0,418.0,2718.0,287.0,393.0,451.0,430.0,1050.0,2247.0,990.0,505.0,736.0,824.0,677.0,1197.0,528.0,959.0,524.0,602.0,415.0,401.0,748.0,876.0,1094.0,103.0,217.0,174.0,400.0,659.0,940.0,626.0,398.0,917.0,644.0,1284.0,156.0,215.0,237.0,375.0,608.0,230.0,342.0,465.0,545.0,13.0,616.0,797.0,687.0,1771.0,359.0,330.0,455.0,369.0,278.0,379.0,364.0,261.0,1107.0,505.0,1324.0,675.0,278.0,304.0,780.0,941.0,2179.0,606.0,287.0,393.0,188.0,236.0,152.0,559.0,497.0,426.0,728.0,656.0,868.0,474.0,930.0,254.0,923.0,565.0,616.0,343.0,212.0,835.0,294.0,610.0,962.0,192.0
2020-04-21,422.0,1113.0,525.0,183.0,358.0,554.0,2492.0,259.0,311.0,649.0,363.0,182.0,617.0,1268.0,335.0,506.0,945.0,694.0,480.0,202.0,601.0,536.0,413.0,673.0,623.0,15.0,424.0,1058.0,569.0,1253.0,1577.0,210.0,423.0,996.0,583.0,360.0,264.0,635.0,967.0,405.0,474.0,745.0,2074.0,627.0,1006.0,588.0,581.0,285.0,504.0,2347.0,514.0,809.0,133.0,586.0,173.0,1989.0,665.0,599.0,73.0,394.0,425.0,2834.0,311.0,402.0,458.0,450.0,1065.0,2321.0,1033.0,533.0,766.0,838.0,703.0,1227.0,537.0,991.0,543.0,613.0,431.0,406.0,766.0,885.0,1134.0,107.0,234.0,178.0,407.0,698.0,955.0,649.0,416.0,941.0,665.0,1320.0,166.0,224.0,238.0,392.0,623.0,238.0,347.0,491.0,564.0,13.0,631.0,827.0,702.0,1835.0,369.0,337.0,478.0,391.0,294.0,404.0,381.0,268.0,1118.0,519.0,1375.0,696.0,294.0,320.0,838.0,997.0,2242.0,616.0,304.0,401.0,198.0,242.0,162.0,568.0,513.0,438.0,763.0,669.0,877.0,494.0,957.0,270.0,948.0,568.0,647.0,353.0,218.0,850.0,302.0,632.0,993.0,200.0
2020-04-22,433.0,1137.0,539.0,187.0,378.0,560.0,2556.0,267.0,333.0,676.0,375.0,185.0,642.0,1284.0,342.0,520.0,955.0,711.0,487.0,208.0,625.0,542.0,433.0,693.0,663.0,16.0,435.0,1103.0,592.0,1268.0,1619.0,220.0,426.0,1034.0,598.0,368.0,269.0,651.0,981.0,428.0,494.0,760.0,2150.0,658.0,1040.0,594.0,584.0,290.0,522.0,2412.0,521.0,832.0,141.0,593.0,184.0,2042.0,677.0,610.0,79.0,398.0,431.0,2961.0,322.0,411.0,470.0,461.0,1073.0,2400.0,1105.0,549.0,796.0,865.0,720.0,1255.0,548.0,1019.0,560.0,622.0,449.0,415.0,784.0,897.0,1177.0,109.0,248.0,185.0,413.0,726.0,965.0,672.0,436.0,954.0,685.0,1344.0,182.0,240.0,244.0,413.0,633.0,256.0,349.0,508.0,583.0,13.0,655.0,851.0,720.0,1875.0,397.0,342.0,489.0,410.0,304.0,422.0,397.0,273.0,1135.0,549.0,1430.0,709.0,305.0,340.0,859.0,1018.0,2314.0,625.0,312.0,413.0,204.0,251.0,168.0,576.0,536.0,448.0,800.0,676.0,883.0,518.0,981.0,282.0,976.0,571.0,673.0,366.0,218.0,874.0,317.0,652.0,1015.0,210.0
2020-04-23,439.0,1143.0,560.0,192.0,387.0,574.0,2619.0,275.0,349.0,711.0,381.0,192.0,676.0,1293.0,343.0,541.0,964.0,732.0,497.0,215.0,656.0,550.0,446.0,715.0,676.0,16.0,439.0,1141.0,602.0,1286.0,1655.0,226.0,437.0,1050.0,607.0,385.0,277.0,658.0,990.0,442.0,503.0,770.0,2211.0,675.0,1063.0,604.0,590.0,294.0,545.0,2476.0,525.0,845.0,150.0,603.0,204.0,2092.0,688.0,615.0,83.0,400.0,448.0,3088.0,348.0,419.0,481.0,471.0,1085.0,2487.0,1154.0,570.0,818.0,869.0,740.0,1276.0,563.0,1043.0,569.0,625.0,471.0,425.0,802.0,910.0,1246.0,116.0,266.0,194.0,428.0,748.0,975.0,685.0,457.0,970.0,707.0,1378.0,191.0,257.0,260.0,427.0,645.0,268.0,351.0,524.0,605.0,18.0,674.0,864.0,739.0,1918.0,406.0,349.0,504.0,426.0,309.0,441.0,412.0,278.0,1139.0,560.0,1489.0,734.0,320.0,353.0,886.0,1033.0,2361.0,637.0,324.0,422.0,219.0,260.0,177.0,581.0,549.0,464.0,820.0,683.0,887.0,531.0,1014.0,288.0,995.0,572.0,695.0,374.0,221.0,902.0,343.0,690.0,1044.0,223.0
2020-04-24,442.0,1154.0,578.0,198.0,416.0,578.0,2672.0,286.0,370.0,731.0,388.0,198.0,700.0,1308.0,348.0,556.0,991.0,743.0,516.0,220.0,681.0,560.0,460.0,749.0,702.0,16.0,452.0,1191.0,622.0,1309.0,1690.0,234.0,445.0,1075.0,633.0,405.0,293.0,676.0,1000.0,463.0,511.0,783.0,2274.0,718.0,1099.0,609.0,597.0,299.0,595.0,2539.0,528.0,856.0,169.0,611.0,217.0,2126.0,694.0,621.0,93.0,407.0,453.0,3172.0,364.0,424.0,491.0,491.0,1104.0,2564.0,1200.0,586.0,832.0,873.0,759.0,1297.0,575.0,1064.0,583.0,630.0,481.0,431.0,812.0,918.0,1303.0,125.0,289.0,202.0,437.0,776.0,987.0,694.0,470.0,1004.0,725.0,1422.0,200.0,264.0,262.0,436.0,651.0,277.0,352.0,535.0,625.0,19.0,694.0,882.0,744.0,1937.0,425.0,354.0,536.0,437.0,312.0,457.0,426.0,282.0,1151.0,585.0,1544.0,755.0,330.0,375.0,927.0,1053.0,2412.0,648.0,334.0,427.0,231.0,264.0,182.0,586.0,558.0,471.0,837.0,689.0,893.0,554.0,1034.0,297.0,1025.0,578.0,727.0,387.0,226.0,925.0,347.0,706.0,1063.0,233.0
2020-04-25,444.0,1164.0,586.0,203.0,428.0,587.0,2717.0,294.0,388.0,745.0,395.0,202.0,748.0,1318.0,350.0,572.0,1008.0,766.0,536.0,225.0,696.0,564.0,471.0,777.0,721.0,16.0,459.0,1232.0,631.0,1323.0,1732.0,242.0,452.0,1116.0,645.0,441.0,295.0,690.0,1014.0,489.0,518.0,804.0,2364.0,742.0,1127.0,619.0,599.0,304.0,604.0,2593.0,534.0,868.0,178.0,618.0,247.0,2166.0,702.0,627.0,102.0,410.0,453.0,3283.0,388.0,429.0,518.0,501.0,1115.0,2630.0,1269.0,602.0,853.0,883.0,782.0,1325.0,586.0,1093.0,598.0,636.0,490.0,436.0,832.0,927.0,1350.0,128.0,309.0,208.0,446.0,818.0,999.0,715.0,487.0,1028.0,735.0,1465.0,207.0,267.0,268.0,447.0,654.0,288.0,355.0,548.0,648.0,20.0,710.0,913.0,754.0,1980.0,443.0,362.0,541.0,450.0,321.0,486.0,433.0,286.0,1160.0,605.0,1592.0,774.0,335.0,396.0,973.0,1074.0,2463.0,657.0,341.0,437.0,234.0,266.0,182.0,587.0,570.0,480.0,882.0,698.0,898.0,562.0,1068.0,300.0,1052.0,583.0,750.0,394.0,231.0,948.0,355.0,742.0,1077.0,242.0
2020-04-26,447.0,1171.0,607.0,203.0,433.0,596.0,2754.0,300.0,399.0,755.0,397.0,203.0,776.0,1324.0,354.0,577.0,1014.0,785.0,544.0,229.0,707.0,567.0,486.0,804.0,737.0,16.0,465.0,1265.0,646.0,1331.0,1761.0,247.0,460.0,1167.0,652.0,447.0,301.0,711.0,1022.0,511.0,527.0,822.0,2440.0,749.0,1140.0,621.0,600.0,305.0,606.0,2633.0,540.0,878.0,181.0,623.0,250.0,2191.0,704.0,634.0,103.0,411.0,457.0,3360.0,405.0,433.0,525.0,509.0,1119.0,2670.0,1294.0,615.0,871.0,888.0,795.0,1348.0,605.0,1107.0,603.0,641.0,503.0,440.0,843.0,933.0,1381.0,130.0,314.0,211.0,448.0,836.0,1000.0,728.0,488.0,1034.0,743.0,1491.0,212.0,270.0,270.0,456.0,659.0,293.0,357.0,552.0,661.0,20.0,721.0,925.0,766.0,2034.0,454.0,366.0,544.0,459.0,332.0,498.0,437.0,290.0,1161.0,616.0,1619.0,789.0,338.0,408.0,1006.0,1090.0,2491.0,659.0,345.0,442.0,242.0,268.0,199.0,591.0,578.0,486.0,904.0,705.0,904.0,572.0,1098.0,307.0,1070.0,585.0,762.0,397.0,235.0,960.0,363.0,760.0,1090.0,250.0
2020-04-27,448.0,1176.0,621.0,206.0,438.0,599.0,2786.0,303.0,411.0,762.0,402.0,207.0,794.0,1328.0,358.0,581.0,1020.0,794.0,549.0,233.0,723.0,568.0,489.0,816.0,746.0,16.0,473.0,1282.0,648.0,1340.0,1775.0,249.0,482.0,1229.0,659.0,465.0,303.0,718.0,1027.0,531.0,543.0,825.0,2489.0,752.0,1147.0,623.0,603.0,305.0,606.0,2660.0,542.0,883.0,188.0,624.0,265.0,2209.0,708.0,634.0,103.0,414.0,458.0,3414.0,413.0,436.0,528.0,514.0,1121.0,2711.0,1315.0,616.0,875.0,892.0,808.0,1362.0,605.0,1124.0,610.0,642.0,508.0,444.0,854.0,935.0,1402.0,130.0,331.0,212.0,450.0,865.0,1010.0,731.0,488.0,1040.0,751.0,1514.0,224.0,273.0,275.0,459.0,660.0,295.0,357.0,556.0,670.0,20.0,734.0,936.0,775.0,2072.0,465.0,372.0,553.0,462.0,334.0,504.0,440.0,294.0,1165.0,618.0,1643.0,801.0,347.0,416.0,1031.0,1097.0,2507.0,663.0,348.0,453.0,248.0,271.0,199.0,595.0,586.0,497.0,921.0,708.0,908.0,579.0,1114.0,310.0,1084.0,586.0,782.0,407.0,244.0,972.0,368.0,774.0,1110.0,257.0
2020-04-28,452.0,1183.0,638.0,208.0,449.0,606.0,2806.0,308.0,428.0,770.0,404.0,212.0,826.0,1333.0,359.0,591.0,1032.0,809.0,565.0,236.0,738.0,569.0,505.0,840.0,770.0,16.0,484.0,1311.0,652.0,1358.0,1813.0,270.0,488.0,1268.0,684.0,473.0,307.0,722.0,1036.0,558.0,545.0,829.0,2561.0,772.0,1180.0,626.0,606.0,311.0,608.0,2705.0,545.0,897.0,194.0,632.0,289.0,2251.0,715.0,638.0,107.0,417.0,461.0,3489.0,427.0,443.0,546.0,527.0,1128.0,2757.0,1359.0,637.0,898.0,900.0,819.0,1386.0,624.0,1137.0,615.0,645.0,530.0,450.0,867.0,939.0,1454.0,133.0,340.0,221.0,458.0,900.0,1025.0,742.0,506.0,1075.0,761.0,1535.0,232.0,276.0,282.0,472.0,667.0,304.0,359.0,566.0,699.0,20.0,747.0,958.0,785.0,2120.0,477.0,378.0,563.0,476.0,340.0,530.0,449.0,296.0,1177.0,633.0,1678.0,815.0,352.0,433.0,1056.0,1113.0,2534.0,665.0,350.0,458.0,254.0,276.0,200.0,597.0,596.0,512.0,947.0,714.0,914.0,594.0,1143.0,314.0,1094.0,592.0,806.0,412.0,245.0,989.0,371.0,798.0,1129.0,270.0
2020-04-29,454.0,1197.0,660.0,210.0,459.0,615.0,2832.0,312.0,443.0,795.0,408.0,215.0,853.0,1342.0,371.0,603.0,1042.0,830.0,581.0,242.0,765.0,573.0,509.0,857.0,804.0,16.0,485.0,1366.0,656.0,1376.0,1840.0,276.0,493.0,1298.0,693.0,482.0,312.0,741.0,1049.0,581.0,565.0,832.0,2601.0,796.0,1203.0,631.0,607.0,315.0,611.0,2750.0,548.0,905.0,201.0,634.0,300.0,2302.0,720.0,642.0,116.0,419.0,464.0,3591.0,436.0,445.0,556.0,541.0,1136.0,2806.0,1399.0,659.0,923.0,912.0,836.0,1408.0,626.0,1160.0,626.0,651.0,550.0,451.0,890.0,941.0,1512.0,135.0,353.0,233.0,461.0,929.0,1037.0,757.0,513.0,1097.0,772.0,1550.0,247.0,285.0,284.0,485.0,674.0,313.0,362.0,580.0,714.0,20.0,766.0,993.0,798.0,2143.0,499.0,384.0,568.0,486.0,341.0,550.0,457.0,297.0,1182.0,650.0,1719.0,830.0,373.0,457.0,1080.0,1134.0,2566.0,667.0,362.0,459.0,261.0,278.0,202.0,598.0,604.0,521.0,975.0,716.0,921.0,610.0,1167.0,317.0,1126.0,597.0,833.0,423.0,251.0,1005.0,373.0,810.0,1146.0,279.0
2020-04-30,456.0,1209.0,674.0,211.0,474.0,620.0,2877.0,322.0,455.0,810.0,415.0,218.0,903.0,1351.0,376.0,611.0,1072.0,835.0,588.0,243.0,788.0,576.0,516.0,876.0,818.0,16.0,499.0,1430.0,667.0,1385.0,1916.0,287.0,502.0,1320.0,716.0,511.0,317.0,766.0,1067.0,615.0,578.0,838.0,2649.0,832.0,1220.0,638.0,611.0,322.0,618.0,2789.0,553.0,933.0,211.0,636.0,302.0,2365.0,725.0,650.0,124.0,421.0,464.0,3679.0,471.0,451.0,567.0,556.0,1143.0,2849.0,1434.0,672.0,944.0,916.0,850.0,1431.0,627.0,1176.0,634.0,655.0,553.0,466.0,902.0,946.0,1558.0,135.0,360.0,241.0,468.0,965.0,1052.0,775.0,519.0,1131.0,792.0,1562.0,254.0,289.0,284.0,498.0,678.0,320.0,372.0,587.0,734.0,20.0,782.0,1020.0,813.0,2182.0,512.0,388.0,573.0,507.0,343.0,563.0,467.0,301.0,1196.0,655.0,1751.0,851.0,379.0,469.0,1099.0,1160.0,2594.0,677.0,367.0,469.0,270.0,283.0,202.0,602.0,615.0,527.0,985.0,718.0,930.0,621.0,1190.0,328.0,1151.0,604.0,846.0,439.0,255.0,1019.0,380.0,846.0,1163.0,298.0
2020-05-01,456.0,1218.0,684.0,212.0,489.0,631.0,2912.0,330.0,467.0,824.0,422.0,219.0,929.0,1363.0,380.0,617.0,1089.0,841.0,599.0,250.0,815.0,584.0,520.0,901.0,835.0,16.0,503.0,1476.0,673.0,1406.0,1960.0,293.0,503.0,1327.0,723.0,533.0,320.0,784.0,1074.0,643.0,589.0,841.0,2689.0,854.0,1233.0,644.0,613.0,327.0,622.0,2843.0,555.0,939.0,215.0,640.0,305.0,2399.0,728.0,668.0,125.0,426.0,468.0,3748.0,500.0,463.0,580.0,566.0,1150.0,2913.0,1455.0,684.0,961.0,923.0,861.0,1452.0,627.0,1192.0,642.0,658.0,565.0,479.0,936.0,955.0,1610.0,135.0,374.0,250.0,483.0,999.0,1064.0,794.0,525.0,1152.0,804.0,1594.0,262.0,291.0,286.0,503.0,694.0,326.0,380.0,593.0,750.0,20.0,795.0,1032.0,829.0,2218.0,520.0,397.0,579.0,520.0,349.0,587.0,482.0,306.0,1207.0,663.0,1782.0,877.0,389.0,490.0,1124.0,1185.0,2621.0,681.0,370.0,477.0,278.0,290.0,203.0,605.0,627.0,545.0,1006.0,724.0,940.0,637.0,1207.0,333.0,1173.0,622.0,855.0,445.0,257.0,1026.0,390.0,854.0,1175.0,310.0
2020-05-02,461.0,1222.0,699.0,215.0,491.0,639.0,2934.0,337.0,474.0,841.0,432.0,219.0,958.0,1379.0,385.0,630.0,1097.0,850.0,604.0,256.0,847.0,589.0,527.0,914.0,855.0,16.0,506.0,1521.0,693.0,1414.0,1990.0,299.0,509.0,1342.0,735.0,564.0,331.0,816.0,1086.0,662.0,594.0,845.0,2746.0,872.0,1254.0,652.0,619.0,330.0,630.0,2886.0,561.0,944.0,219.0,657.0,314.0,2448.0,732.0,675.0,137.0,430.0,472.0,3801.0,513.0,469.0,607.0,573.0,1160.0,2963.0,1483.0,690.0,973.0,928.0,875.0,1470.0,641.0,1207.0,650.0,661.0,578.0,480.0,941.0,956.0,1648.0,136.0,392.0,257.0,493.0,1021.0,1075.0,811.0,538.0,1167.0,828.0,1616.0,272.0,299.0,293.0,508.0,698.0,332.0,383.0,601.0,761.0,21.0,815.0,1039.0,835.0,2236.0,526.0,414.0,584.0,529.0,352.0,598.0,489.0,311.0,1213.0,675.0,1802.0,889.0,407.0,507.0,1174.0,1206.0,2647.0,684.0,377.0,490.0,283.0,294.0,204.0,607.0,636.0,555.0,1029.0,728.0,947.0,643.0,1221.0,335.0,1186.0,625.0,876.0,451.0,260.0,1044.0,399.0,880.0,1188.0,313.0
2020-05-03,462.0,1226.0,715.0,217.0,496.0,643.0,2954.0,339.0,476.0,850.0,435.0,223.0,976.0,1385.0,385.0,632.0,1108.0,859.0,608.0,257.0,858.0,590.0,535.0,933.0,863.0,16.0,510.0,1554.0,707.0,1426.0,2003.0,305.0,511.0,1352.0,739.0,577.0,337.0,841.0,1102.0,670.0,600.0,849.0,2775.0,877.0,1261.0,655.0,621.0,332.0,631.0,2904.0,563.0,949.0,223.0,661.0,321.0,2473.0,736.0,679.0,143.0,431.0,474.0,3854.0,519.0,474.0,614.0,578.0,1160.0,2984.0,1508.0,693.0,980.0,932.0,883.0,1480.0,644.0,1221.0,658.0,663.0,583.0,481.0,947.0,957.0,1678.0,136.0,397.0,258.0,493.0,1039.0,1085.0,812.0,542.0,1179.0,842.0,1631.0,275.0,300.0,295.0,511.0,700.0,332.0,384.0,605.0,774.0,22.0,825.0,1047.0,840.0,2266.0,541.0,419.0,587.0,537.0,357.0,603.0,494.0,318.0,1216.0,681.0,1842.0,897.0,411.0,522.0,1186.0,1213.0,2668.0,699.0,387.0,492.0,286.0,295.0,206.0,609.0,643.0,564.0,1029.0,728.0,950.0,648.0,1246.0,337.0,1197.0,629.0,889.0,463.0,264.0,1057.0,404.0,881.0,1205.0,321.0
2020-05-04,464.0,1230.0,730.0,219.0,502.0,646.0,2980.0,340.0,481.0,852.0,439.0,226.0,997.0,1388.0,387.0,636.0,1117.0,864.0,616.0,257.0,869.0,590.0,536.0,941.0,873.0,16.0,519.0,1568.0,719.0,1431.0,2008.0,305.0,513.0,1359.0,750.0,590.0,339.0,849.0,1105.0,680.0,611.0,850.0,2796.0,882.0,1272.0,655.0,622.0,334.0,632.0,2925.0,563.0,951.0,225.0,663.0,325.0,2491.0,738.0,681.0,144.0,434.0,475.0,3888.0,529.0,476.0,619.0,582.0,1163.0,3024.0,1518.0,698.0,986.0,938.0,889.0,1489.0,644.0,1231.0,658.0,663.0,588.0,485.0,949.0,959.0,1723.0,136.0,407.0,264.0,495.0,1055.0,1089.0,818.0,542.0,1183.0,853.0,1633.0,282.0,306.0,296.0,519.0,702.0,337.0,385.0,609.0,780.0,22.0,835.0,1055.0,845.0,2295.0,550.0,422.0,590.0,540.0,361.0,612.0,502.0,319.0,1218.0,682.0,1855.0,911.0,419.0,532.0,1198.0,1220.0,2684.0,701.0,390.0,501.0,291.0,295.0,209.0,611.0,647.0,571.0,1033.0,728.0,952.0,651.0,1256.0,337.0,1205.0,629.0,897.0,469.0,266.0,1070.0,407.0,888.0,1212.0,331.0
2020-05-05,467.0,1237.0,742.0,219.0,509.0,652.0,3007.0,346.0,488.0,864.0,440.0,227.0,1024.0,1390.0,391.0,648.0,1130.0,874.0,626.0,260.0,891.0,590.0,549.0,959.0,885.0,16.0,523.0,1609.0,723.0,1443.0,2019.0,319.0,516.0,1381.0,754.0,591.0,343.0,860.0,1110.0,695.0,619.0,853.0,2839.0,914.0,1291.0,659.0,623.0,337.0,637.0,2947.0,564.0,968.0,233.0,672.0,333.0,2532.0,742.0,695.0,147.0,436.0,476.0,3943.0,554.0,479.0,629.0,589.0,1166.0,3064.0,1538.0,718.0,999.0,943.0,902.0,1499.0,660.0,1248.0,671.0,666.0,599.0,489.0,961.0,967.0,1763.0,136.0,413.0,275.0,496.0,1087.0,1103.0,828.0,551.0,1191.0,876.0,1663.0,290.0,308.0,297.0,525.0,709.0,344.0,387.0,622.0,785.0,23.0,842.0,1066.0,849.0,2310.0,568.0,426.0,601.0,553.0,366.0,621.0,514.0,331.0,1224.0,683.0,1876.0,924.0,430.0,546.0,1239.0,1249.0,2704.0,703.0,391.0,510.0,296.0,296.0,209.0,613.0,660.0,576.0,1036.0,736.0,955.0,661.0,1266.0,341.0,1218.0,631.0,908.0,473.0,268.0,1079.0,407.0,908.0,1220.0,345.0
2020-05-06,471.0,1242.0,750.0,220.0,517.0,654.0,3057.0,351.0,493.0,876.0,441.0,228.0,1038.0,1395.0,398.0,654.0,1144.0,878.0,630.0,269.0,913.0,594.0,552.0,978.0,890.0,16.0,529.0,1644.0,737.0,1447.0,2043.0,323.0,519.0,1404.0,757.0,592.0,344.0,865.0,1114.0,711.0,629.0,858.0,2870.0,928.0,1308.0,661.0,627.0,339.0,638.0,2967.0,568.0,978.0,237.0,677.0,340.0,2565.0,747.0,696.0,148.0,438.0,477.0,4023.0,568.0,480.0,638.0,601.0,1169.0,3100.0,1565.0,723.0,1013.0,947.0,909.0,1500.0,664.0,1275.0,676.0,668.0,616.0,493.0,973.0,971.0,1804.0,138.0,422.0,278.0,505.0,1120.0,1110.0,836.0,563.0,1198.0,893.0,1718.0,295.0,317.0,299.0,529.0,729.0,349.0,389.0,638.0,797.0,24.0,853.0,1082.0,851.0,2332.0,580.0,430.0,607.0,556.0,370.0,631.0,518.0,334.0,1230.0,686.0,1909.0,939.0,447.0,563.0,1254.0,1263.0,2730.0,709.0,395.0,520.0,303.0,297.0,214.0,613.0,669.0,592.0,1051.0,739.0,958.0,664.0,1291.0,343.0,1223.0,633.0,947.0,475.0,269.0,1093.0,408.0,915.0,1237.0,368.0
2020-05-07,473.0,1248.0,767.0,220.0,523.0,666.0,3082.0,359.0,501.0,884.0,443.0,229.0,1065.0,1403.0,398.0,661.0,1175.0,885.0,632.0,269.0,932.0,598.0,558.0,1005.0,898.0,16.0,531.0,1668.0,742.0,1452.0,2068.0,327.0,521.0,1434.0,767.0,611.0,344.0,870.0,1124.0,727.0,637.0,860.0,2894.0,945.0,1318.0,663.0,631.0,340.0,639.0,2984.0,572.0,982.0,245.0,679.0,350.0,2599.0,752.0,699.0,150.0,438.0,478.0,4088.0,576.0,483.0,642.0,608.0,1172.0,3132.0,1588.0,741.0,1032.0,952.0,914.0,1503.0,665.0,1300.0,691.0,675.0,621.0,497.0,985.0,979.0,1848.0,138.0,430.0,292.0,510.0,1148.0,1127.0,855.0,563.0,1208.0,906.0,1739.0,299.0,328.0,307.0,536.0,732.0,357.0,389.0,645.0,803.0,24.0,857.0,1094.0,855.0,2348.0,589.0,432.0,612.0,557.0,373.0,642.0,523.0,336.0,1235.0,691.0,1938.0,946.0,457.0,588.0,1271.0,1272.0,2743.0,709.0,397.0,525.0,310.0,299.0,215.0,614.0,675.0,597.0,1055.0,742.0,958.0,674.0,1305.0,344.0,1227.0,634.0,962.0,479.0,271.0,1104.0,409.0,918.0,1252.0,377.0
2020-05-08,479.0,1253.0,774.0,222.0,532.0,670.0,3106.0,366.0,504.0,892.0,443.0,231.0,1082.0,1408.0,398.0,665.0,1186.0,893.0,636.0,274.0,954.0,602.0,563.0,1019.0,907.0,16.0,534.0,1689.0,747.0,1456.0,2098.0,331.0,526.0,1463.0,771.0,611.0,345.0,873.0,1138.0,739.0,640.0,861.0,2941.0,965.0,1325.0,670.0,633.0,342.0,641.0,3005.0,575.0,995.0,255.0,679.0,369.0,2617.0,759.0,704.0,154.0,439.0,482.0,4140.0,585.0,484.0,648.0,609.0,1178.0,3153.0,1625.0,749.0,1050.0,956.0,962.0,1505.0,666.0,1317.0,696.0,675.0,627.0,499.0,1000.0,985.0,1871.0,139.0,433.0,298.0,516.0,1163.0,1144.0,865.0,568.0,1219.0,932.0,1757.0,335.0,334.0,308.0,538.0,741.0,364.0,393.0,657.0,814.0,25.0,864.0,1108.0,858.0,2361.0,615.0,432.0,614.0,561.0,382.0,647.0,529.0,343.0,1236.0,694.0,1956.0,954.0,463.0,606.0,1296.0,1282.0,2756.0,712.0,406.0,529.0,311.0,302.0,217.0,615.0,681.0,612.0,1058.0,745.0,965.0,678.0,1314.0,345.0,1234.0,635.0,975.0,485.0,273.0,1115.0,415.0,931.0,1262.0,391.0
2020-05-09,480.0,1255.0,780.0,223.0,534.0,672.0,3137.0,368.0,510.0,901.0,447.0,231.0,1095.0,1417.0,398.0,671.0,1205.0,896.0,642.0,274.0,960.0,604.0,565.0,1026.0,921.0,16.0,540.0,1707.0,760.0,1464.0,2106.0,331.0,533.0,1474.0,773.0,626.0,347.0,880.0,1142.0,743.0,641.0,862.0,2966.0,967.0,1328.0,673.0,633.0,346.0,643.0,3022.0,578.0,1001.0,259.0,679.0,400.0,2632.0,759.0,707.0,155.0,445.0,483.0,4187.0,593.0,485.0,649.0,613.0,1179.0,3181.0,1638.0,755.0,1060.0,959.0,979.0,1505.0,666.0,1328.0,697.0,676.0,629.0,500.0,1007.0,986.0,1904.0,140.0,436.0,303.0,526.0,1172.0,1155.0,871.0,570.0,1228.0,950.0,1786.0,339.0,334.0,308.0,540.0,741.0,367.0,396.0,666.0,821.0,25.0,870.0,1113.0,860.0,2386.0,629.0,434.0,625.0,566.0,385.0,660.0,535.0,345.0,1238.0,694.0,1972.0,959.0,465.0,620.0,1301.0,1288.0,2761.0,718.0,408.0,537.0,314.0,302.0,218.0,616.0,686.0,621.0,1065.0,745.0,966.0,679.0,1323.0,346.0,1237.0,637.0,988.0,487.0,274.0,1127.0,417.0,939.0,1278.0,396.0
2020-05-10,481.0,1256.0,789.0,223.0,537.0,673.0,3169.0,371.0,519.0,906.0,454.0,234.0,1108.0,1423.0,398.0,672.0,1207.0,899.0,646.0,274.0,970.0,606.0,566.0,1035.0,928.0,16.0,546.0,1730.0,764.0,1465.0,2107.0,336.0,538.0,1492.0,777.0,636.0,349.0,882.0,1143.0,753.0,642.0,862.0,2982.0,970.0,1329.0,674.0,633.0,347.0,644.0,3031.0,578.0,1005.0,267.0,679.0,403.0,2665.0,762.0,710.0,156.0,449.0,484.0,4218.0,596.0,486.0,653.0,613.0,1183.0,3217.0,1654.0,765.0,1069.0,960.0,989.0,1508.0,667.0,1339.0,703.0,676.0,632.0,500.0,1010.0,987.0,1916.0,141.0,438.0,309.0,531.0,1184.0,1170.0,873.0,571.0,1235.0,954.0,1826.0,344.0,334.0,308.0,542.0,742.0,369.0,397.0,670.0,826.0,26.0,874.0,1116.0,863.0,2408.0,643.0,434.0,633.0,574.0,388.0,666.0,539.0,347.0,1242.0,698.0,1978.0,966.0,471.0,622.0,1303.0,1322.0,2767.0,722.0,412.0,545.0,316.0,304.0,218.0,618.0,691.0,627.0,1067.0,750.0,969.0,684.0,1328.0,347.0,1245.0,638.0,1016.0,489.0,274.0,1132.0,418.0,947.0,1286.0,401.0
2020-05-11,482.0,1257.0,798.0,224.0,540.0,675.0,3187.0,372.0,522.0,915.0,456.0,234.0,1114.0,1423.0,400.0,673.0,1215.0,905.0,647.0,275.0,984.0,607.0,569.0,1040.0,932.0,16.0,550.0,1750.0,769.0,1466.0,2109.0,339.0,542.0,1502.0,783.0,648.0,349.0,885.0,1143.0,757.0,643.0,862.0,2994.0,971.0,1329.0,674.0,633.0,347.0,644.0,3048.0,581.0,1006.0,273.0,680.0,403.0,2671.0,762.0,710.0,157.0,449.0,484.0,4242.0,605.0,487.0,660.0,614.0,1184.0,3235.0,1665.0,775.0,1075.0,962.0,1000.0,1511.0,667.0,1354.0,709.0,676.0,633.0,501.0,1012.0,987.0,1929.0,144.0,441.0,316.0,534.0,1189.0,1186.0,875.0,571.0,1247.0,958.0,1852.0,348.0,337.0,310.0,545.0,744.0,376.0,397.0,673.0,829.0,27.0,876.0,1119.0,871.0,2421.0,652.0,437.0,637.0,585.0,390.0,674.0,542.0,348.0,1246.0,700.0,1990.0,974.0,481.0,629.0,1310.0,1326.0,2778.0,722.0,419.0,554.0,317.0,305.0,218.0,619.0,692.0,633.0,1070.0,751.0,973.0,687.0,1336.0,348.0,1255.0,639.0,1034.0,491.0,274.0,1140.0,420.0,949.0,1290.0,408.0
2020-05-12,483.0,1260.0,806.0,225.0,542.0,678.0,3217.0,375.0,531.0,925.0,459.0,235.0,1129.0,1428.0,402.0,681.0,1221.0,911.0,651.0,277.0,1027.0,612.0,573.0,1053.0,951.0,16.0,553.0,1776.0,770.0,1469.0,2120.0,343.0,547.0,1514.0,787.0,665.0,349.0,889.0,1149.0,768.0,646.0,863.0,3023.0,975.0,1334.0,675.0,634.0,351.0,644.0,3080.0,582.0,1008.0,278.0,682.0,408.0,2698.0,762.0,711.0,158.0,449.0,484.0,4296.0,620.0,495.0,666.0,627.0,1186.0,3273.0,1674.0,784.0,1090.0,964.0,1009.0,1515.0,667.0,1369.0,714.0,676.0,633.0,503.0,1014.0,988.0,1935.0,145.0,452.0,324.0,538.0,1206.0,1221.0,899.0,574.0,1262.0,967.0,1877.0,356.0,339.0,310.0,546.0,744.0,376.0,399.0,675.0,838.0,28.0,877.0,1140.0,875.0,2439.0,664.0,439.0,639.0,593.0,394.0,679.0,549.0,350.0,1250.0,709.0,2013.0,982.0,485.0,638.0,1337.0,1333.0,2791.0,723.0,423.0,571.0,326.0,310.0,219.0,623.0,704.0,643.0,1073.0,751.0,974.0,690.0,1349.0,352.0,1265.0,641.0,1067.0,497.0,275.0,1154.0,422.0,955.0,1301.0,421.0
2020-05-13,485.0,1261.0,814.0,225.0,551.0,682.0,3242.0,379.0,534.0,932.0,461.0,235.0,1154.0,1433.0,403.0,682.0,1239.0,915.0,652.0,278.0,1037.0,612.0,575.0,1066.0,967.0,16.0,555.0,1793.0,776.0,1473.0,2122.0,349.0,552.0,1528.0,788.0,666.0,349.0,892.0,1153.0,781.0,648.0,864.0,3039.0,979.0,1335.0,679.0,635.0,354.0,645.0,3110.0,582.0,1008.0,289.0,683.0,413.0,2718.0,763.0,713.0,161.0,450.0,486.0,4351.0,629.0,498.0,669.0,630.0,1186.0,3302.0,1690.0,789.0,1106.0,966.0,1029.0,1522.0,668.0,1386.0,726.0,679.0,634.0,503.0,1016.0,989.0,1979.0,145.0,467.0,327.0,538.0,1224.0,1238.0,904.0,579.0,1275.0,977.0,1898.0,364.0,341.0,310.0,550.0,745.0,379.0,400.0,686.0,846.0,29.0,881.0,1147.0,880.0,2449.0,681.0,441.0,641.0,598.0,396.0,700.0,556.0,352.0,1251.0,714.0,2035.0,993.0,495.0,656.0,1347.0,1339.0,2799.0,724.0,426.0,581.0,333.0,312.0,220.0,624.0,720.0,655.0,1081.0,752.0,979.0,699.0,1356.0,353.0,1269.0,642.0,1075.0,499.0,276.0,1161.0,425.0,958.0,1309.0,427.0
2020-05-14,487.0,1270.0,830.0,226.0,560.0,686.0,3263.0,381.0,539.0,936.0,461.0,235.0,1168.0,1436.0,404.0,682.0,1246.0,929.0,659.0,278.0,1053.0,614.0,580.0,1076.0,976.0,17.0,556.0,1803.0,779.0,1475.0,2128.0,350.0,556.0,1539.0,792.0,686.0,351.0,894.0,1167.0,793.0,652.0,866.0,3063.0,980.0,1340.0,681.0,636.0,358.0,647.0,3128.0,586.0,1009.0,295.0,683.0,413.0,2744.0,765.0,714.0,168.0,452.0,486.0,4408.0,633.0,500.0,677.0,634.0,1189.0,3317.0,1707.0,796.0,1122.0,970.0,1049.0,1532.0,669.0,1402.0,731.0,681.0,635.0,505.0,1018.0,989.0,1998.0,145.0,477.0,335.0,546.0,1230.0,1263.0,907.0,586.0,1291.0,985.0,1939.0,370.0,342.0,311.0,555.0,745.0,384.0,403.0,697.0,854.0,32.0,886.0,1156.0,887.0,2461.0,696.0,441.0,644.0,607.0,396.0,711.0,561.0,354.0,1253.0,720.0,2049.0,1000.0,502.0,662.0,1361.0,1344.0,2806.0,725.0,429.0,594.0,336.0,312.0,221.0,624.0,730.0,659.0,1085.0,754.0,981.0,709.0,1362.0,356.0,1270.0,642.0,1086.0,499.0,277.0,1170.0,425.0,960.0,1318.0,429.0
2020-05-15,488.0,1270.0,855.0,227.0,569.0,691.0,3284.0,385.0,545.0,941.0,462.0,235.0,1193.0,1441.0,405.0,687.0,1251.0,935.0,665.0,282.0,1055.0,615.0,587.0,1091.0,988.0,17.0,556.0,1826.0,781.0,1480.0,2133.0,351.0,559.0,1551.0,794.0,700.0,352.0,905.0,1180.0,808.0,656.0,869.0,3084.0,980.0,1343.0,682.0,637.0,359.0,647.0,3140.0,587.0,1014.0,302.0,685.0,414.0,2751.0,769.0,716.0,172.0,452.0,486.0,4452.0,644.0,511.0,680.0,637.0,1193.0,3339.0,1720.0,800.0,1129.0,970.0,1055.0,1543.0,670.0,1406.0,734.0,683.0,635.0,507.0,1022.0,992.0,2004.0,146.0,483.0,342.0,551.0,1242.0,1281.0,911.0,587.0,1304.0,992.0,1958.0,372.0,343.0,311.0,560.0,745.0,385.0,404.0,716.0,859.0,32.0,887.0,1170.0,889.0,2474.0,705.0,444.0,648.0,617.0,396.0,711.0,563.0,358.0,1254.0,724.0,2065.0,1006.0,508.0,675.0,1367.0,1348.0,2815.0,726.0,431.0,609.0,338.0,313.0,221.0,624.0,734.0,671.0,1087.0,754.0,984.0,718.0,1369.0,356.0,1274.0,644.0,1088.0,501.0,278.0,1176.0,430.0,963.0,1327.0,432.0
2020-05-16,489.0,1271.0,883.0,227.0,577.0,693.0,3305.0,387.0,549.0,952.0,463.0,236.0,1206.0,1441.0,407.0,687.0,1256.0,942.0,669.0,283.0,1067.0,616.0,591.0,1108.0,997.0,17.0,557.0,1841.0,783.0,1485.0,2136.0,352.0,562.0,1563.0,795.0,716.0,352.0,909.0,1182.0,818.0,658.0,871.0,3097.0,982.0,1345.0,684.0,639.0,360.0,649.0,3162.0,590.0,1017.0,306.0,690.0,422.0,2761.0,769.0,716.0,177.0,454.0,487.0,4496.0,654.0,511.0,686.0,637.0,1194.0,3354.0,1732.0,814.0,1141.0,971.0,1060.0,1555.0,671.0,1418.0,734.0,683.0,636.0,507.0,1023.0,994.0,2030.0,147.0,492.0,348.0,554.0,1244.0,1305.0,915.0,588.0,1319.0,1002.0,1971.0,378.0,345.0,312.0,563.0,746.0,385.0,405.0,723.0,867.0,32.0,894.0,1186.0,890.0,2479.0,717.0,446.0,648.0,622.0,398.0,716.0,563.0,360.0,1256.0,727.0,2086.0,1009.0,517.0,688.0,1374.0,1353.0,2820.0,726.0,434.0,620.0,341.0,317.0,221.0,625.0,743.0,681.0,1094.0,754.0,987.0,722.0,1378.0,359.0,1276.0,644.0,1109.0,505.0,279.0,1180.0,431.0,969.0,1338.0,437.0
2020-05-17,490.0,1273.0,888.0,228.0,583.0,693.0,3320.0,392.0,550.0,962.0,464.0,238.0,1212.0,1441.0,407.0,687.0,1258.0,957.0,678.0,283.0,1072.0,617.0,593.0,1117.0,1009.0,17.0,560.0,1860.0,784.0,1488.0,2138.0,353.0,563.0,1578.0,795.0,718.0,352.0,915.0,1182.0,827.0,658.0,874.0,3106.0,982.0,1348.0,684.0,640.0,371.0,649.0,3169.0,592.0,1017.0,310.0,690.0,423.0,2769.0,772.0,717.0,178.0,454.0,487.0,4514.0,659.0,512.0,690.0,639.0,1194.0,3380.0,1738.0,827.0,1157.0,971.0,1060.0,1558.0,675.0,1442.0,736.0,684.0,638.0,507.0,1024.0,994.0,2037.0,148.0,493.0,355.0,554.0,1247.0,1320.0,917.0,588.0,1325.0,1008.0,1973.0,378.0,346.0,312.0,565.0,746.0,387.0,406.0,729.0,871.0,32.0,895.0,1202.0,892.0,2490.0,727.0,446.0,651.0,628.0,398.0,717.0,563.0,360.0,1258.0,733.0,2100.0,1013.0,524.0,696.0,1380.0,1357.0,2833.0,726.0,437.0,627.0,344.0,321.0,221.0,625.0,751.0,689.0,1097.0,754.0,987.0,730.0,1381.0,359.0,1276.0,644.0,1119.0,508.0,279.0,1189.0,432.0,975.0,1344.0,438.0
2020-05-18,491.0,1275.0,892.0,230.0,584.0,695.0,3326.0,394.0,553.0,968.0,465.0,240.0,1226.0,1443.0,408.0,687.0,1259.0,960.0,684.0,284.0,1086.0,617.0,595.0,1124.0,1022.0,17.0,561.0,1870.0,785.0,1490.0,2142.0,354.0,565.0,1589.0,795.0,718.0,353.0,918.0,1183.0,844.0,661.0,874.0,3113.0,984.0,1353.0,685.0,640.0,375.0,649.0,3181.0,592.0,1018.0,310.0,692.0,423.0,2777.0,773.0,721.0,178.0,454.0,488.0,4553.0,666.0,513.0,692.0,643.0,1194.0,3404.0,1751.0,831.0,1167.0,972.0,1060.0,1563.0,681.0,1462.0,736.0,685.0,642.0,507.0,1027.0,997.0,2047.0,148.0,493.0,362.0,555.0,1254.0,1338.0,919.0,590.0,1327.0,1015.0,1979.0,383.0,348.0,312.0,566.0,746.0,389.0,406.0,733.0,871.0,33.0,899.0,1206.0,893.0,2493.0,736.0,446.0,652.0,630.0,398.0,723.0,565.0,360.0,1258.0,739.0,2107.0,1023.0,526.0,701.0,1383.0,1359.0,2836.0,726.0,439.0,636.0,346.0,322.0,221.0,625.0,755.0,700.0,1103.0,755.0,987.0,734.0,1391.0,359.0,1276.0,645.0,1124.0,509.0,280.0,1200.0,435.0,979.0,1346.0,439.0
2020-05-19,492.0,1276.0,893.0,230.0,584.0,700.0,3347.0,396.0,557.0,975.0,466.0,240.0,1235.0,1446.0,408.0,689.0,1261.0,963.0,693.0,285.0,1093.0,619.0,595.0,1131.0,1033.0,17.0,564.0,1875.0,788.0,1491.0,2156.0,358.0,567.0,1596.0,800.0,721.0,354.0,926.0,1186.0,853.0,667.0,878.0,3119.0,986.0,1354.0,686.0,641.0,378.0,652.0,3193.0,592.0,1019.0,319.0,693.0,426.0,2785.0,773.0,723.0,180.0,454.0,488.0,4609.0,673.0,513.0,699.0,647.0,1194.0,3420.0,1755.0,836.0,1185.0,974.0,1062.0,1568.0,683.0,1479.0,740.0,687.0,651.0,507.0,1029.0,997.0,2061.0,148.0,493.0,373.0,555.0,1257.0,1358.0,919.0,592.0,1338.0,1023.0,1994.0,384.0,351.0,313.0,568.0,749.0,395.0,406.0,744.0,874.0,33.0,902.0,1238.0,899.0,2494.0,745.0,446.0,656.0,637.0,399.0,726.0,568.0,360.0,1259.0,742.0,2120.0,1023.0,539.0,704.0,1390.0,1363.0,2847.0,726.0,441.0,652.0,348.0,322.0,221.0,625.0,769.0,707.0,1109.0,755.0,989.0,737.0,1402.0,363.0,1278.0,646.0,1130.0,511.0,280.0,1202.0,437.0,982.0,1349.0,441.0
2020-05-20,492.0,1278.0,897.0,230.0,584.0,701.0,3348.0,396.0,559.0,978.0,469.0,240.0,1246.0,1450.0,410.0,690.0,1263.0,966.0,693.0,287.0,1093.0,620.0,595.0,1132.0,1035.0,17.0,567.0,1879.0,791.0,1491.0,2161.0,358.0,569.0,1602.0,805.0,727.0,354.0,928.0,1186.0,854.0,669.0,879.0,3121.0,987.0,1354.0,687.0,641.0,380.0,652.0,3206.0,592.0,1019.0,319.0,694.0,430.0,2790.0,773.0,724.0,181.0,454.0,488.0,4618.0,674.0,513.0,701.0,647.0,1195.0,3420.0,1759.0,839.0,1206.0,977.0,1063.0,1572.0,683.0,1482.0,741.0,687.0,652.0,507.0,1032.0,997.0,2066.0,148.0,495.0,378.0,555.0,1262.0,1364.0,920.0,595.0,1344.0,1024.0,1994.0,384.0,353.0,313.0,569.0,749.0,399.0,406.0,747.0,882.0,33.0,905.0,1239.0,900.0,2495.0,761.0,446.0,656.0,640.0,399.0,726.0,569.0,360.0,1259.0,744.0,2132.0,1025.0,548.0,713.0,1393.0,1364.0,2847.0,726.0,443.0,653.0,350.0,322.0,221.0,625.0,770.0,713.0,1111.0,758.0,989.0,738.0,1409.0,365.0,1278.0,646.0,1130.0,515.0,280.0,1204.0,438.0,982.0,1351.0,443.0
2020-05-21,492.0,1278.0,897.0,230.0,584.0,701.0,3348.0,396.0,559.0,978.0,469.0,240.0,1247.0,1450.0,410.0,691.0,1263.0,966.0,693.0,287.0,1093.0,620.0,595.0,1132.0,1035.0,17.0,568.0,1879.0,791.0,1491.0,2161.0,358.0,569.0,1606.0,807.0,728.0,354.0,928.0,1186.0,857.0,669.0,879.0,3121.0,987.0,1354.0,687.0,641.0,380.0,652.0,3206.0,592.0,1019.0,319.0,694.0,430.0,2790.0,773.0,724.0,181.0,454.0,488.0,4618.0,674.0,513.0,702.0,647.0,1195.0,3420.0,1760.0,840.0,1207.0,977.0,1063.0,1572.0,683.0,1482.0,741.0,687.0,652.0,507.0,1032.0,997.0,2068.0,148.0,495.0,378.0,555.0,1262.0,1364.0,920.0,596.0,1346.0,1024.0,1994.0,384.0,353.0,313.0,569.0,749.0,399.0,406.0,747.0,883.0,33.0,905.0,1239.0,900.0,2498.0,761.0,446.0,656.0,640.0,399.0,726.0,569.0,360.0,1259.0,744.0,2133.0,1025.0,548.0,714.0,1394.0,1364.0,2847.0,726.0,443.0,653.0,350.0,322.0,221.0,625.0,770.0,716.0,1111.0,758.0,989.0,738.0,1409.0,365.0,1278.0,646.0,1130.0,515.0,280.0,1204.0,438.0,982.0,1351.0,444.0
