GSS_CD,GSS_NM,countyName,25/01/2020,26/01/2020,27/01/2020,28/01/2020,29/01/2020,30/01/2020,31/01/2020,01/02/2020,02/02/2020,03/02/2020,04/02/2020,05/02/2020,06/02/2020,07/02/2020,08/02/2020,09/02/2020,10/02/2020,11/02/2020,12/02/2020,13/02/2020,14/02/2020,15/02/2020,16/02/2020,17/02/2020,18/02/2020,19/02/2020,20/02/2020,21/02/2020,22/02/2020,23/02/2020,24/02/2020,25/02/2020,26/02/2020,27/02/2020,28/02/2020,29/02/2020,01/03/2020,02/03/2020,03/03/2020,04/03/2020,05/03/2020,06/03/2020,07/03/2020,08/03/2020,09/03/2020,10/03/2020,11/03/2020,12/03/2020,13/03/2020,14/03/2020,15/03/2020,16/03/2020,17/03/2020,18/03/2020,19/03/2020,20/03/2020,21/03/2020,22/03/2020,23/03/2020,24/03/2020,25/03/2020,26/03/2020,27/03/2020,28/03/2020,29/03/2020,30/03/2020,31/03/2020,01/04/2020,02/04/2020,03/04/2020,04/04/2020,05/04/2020,06/04/2020,07/04/2020,08/04/2020,09/04/2020,10/04/2020,11/04/2020,12/04/2020,13/04/2020,14/04/2020,15/04/2020,16/04/2020,17/04/2020,18/04/2020,19/04/2020,20/04/2020,21/04/2020,22/04/2020,23/04/2020,24/04/2020,25/04/2020,26/04/2020
E06000001,Hartlepool,County Durham,0,0,0,0,0,0,0,0,0,0,0,0,0,0,0,0,0,0,0,0,0,0,0,0,0,0,0,0,0,0,0,0,0,0,0,0,0,0,0,0,0,0,0,0,0,0,0,0,0,0,0,0,1,1,2,2,3,3,3,3,3,5,6,8,11,12,17,20,23,25,30,36,39,48,59,65,74,78,82,88,92,100,107,112,112,122,126,131,139,148,159,159,159
E06000002,Middlesbrough,North Yorkshire,0,0,0,0,0,0,0,0,0,0,0,0,0,0,0,0,0,0,0,0,0,0,0,0,0,0,0,0,0,0,0,0,0,0,0,0,0,0,0,0,0,0,0,0,0,0,0,0,0,0,1,1,1,1,2,2,4,5,7,8,10,17,24,31,41,55,72,87,110,123,149,170,192,209,233,238,256,273,288,302,321,341,352,364,382,404,415,431,449,471,481,481,481
E06000003,Redcar and Cleveland,North Yorkshire,0,0,0,0,0,0,0,0,0,0,0,0,0,0,0,0,0,0,0,0,0,0,0,0,0,0,0,0,0,0,0,0,0,0,0,0,0,0,0,0,0,0,0,0,0,0,1,1,1,1,1,1,1,2,2,3,3,4,7,9,11,14,20,30,41,48,55,63,74,81,98,111,119,128,140,140,149,158,174,182,196,201,206,212,218,222,230,238,256,268,277,278,278
E06000004,Stockton-on-Tees,County Durham,0,0,0,0,0,0,0,0,0,0,0,0,0,0,0,0,0,0,0,0,0,0,0,0,0,0,0,0,0,0,0,0,0,0,0,0,0,0,0,0,0,0,0,0,0,1,3,4,4,4,5,5,6,9,9,10,12,12,12,15,17,19,25,33,43,48,64,72,84,97,113,125,137,146,165,176,194,200,211,220,229,245,255,263,265,271,281,296,306,320,325,325,325
E06000005,Darlington,County Durham,0,0,0,0,0,0,0,0,0,0,0,0,0,0,0,0,0,0,0,0,0,0,0,0,0,0,0,0,0,0,0,0,0,0,0,0,0,0,0,0,0,0,1,1,1,1,1,1,2,2,2,2,2,2,2,3,3,3,3,4,6,9,12,14,16,17,26,28,32,37,43,53,55,76,87,107,121,125,134,149,153,160,170,175,181,189,194,207,217,223,231,232,232
E06000006,Halton,Cheshire,0,0,0,0,0,0,0,0,0,0,0,0,0,0,0,0,0,0,0,0,0,0,0,0,0,0,0,0,0,0,0,0,0,0,0,0,0,0,0,0,0,0,0,0,0,0,0,0,2,3,4,4,5,7,7,7,8,8,8,8,13,16,18,25,34,36,48,57,64,78,96,108,123,147,159,173,188,200,211,215,223,233,245,255,265,271,279,286,292,295,299,299,299
E06000007,Warrington,Cheshire,0,0,0,0,0,0,0,0,0,0,0,0,0,0,0,0,0,0,0,0,0,0,0,0,0,0,0,0,0,0,0,0,0,0,0,0,0,0,0,0,0,0,0,0,0,1,1,1,3,3,3,4,4,4,4,6,7,8,10,15,18,19,22,32,40,50,68,87,104,128,144,160,183,214,245,283,304,332,349,357,373,402,415,441,454,465,472,492,516,528,550,550,550
E06000008,Blackburn with Darwen,Lancashire,0,0,0,0,0,0,0,0,0,0,0,0,0,0,0,0,0,0,0,0,0,0,0,0,0,0,0,0,0,0,0,0,0,0,0,0,0,0,0,0,0,0,0,0,0,0,0,0,0,1,1,1,1,1,1,1,3,3,4,7,11,12,14,18,22,30,38,46,54,66,75,85,93,103,116,127,143,155,165,177,188,204,214,225,230,244,249,257,265,273,281,281,281
E06000009,Blackpool,Lancashire,0,0,0,0,0,0,0,0,0,0,0,0,0,0,0,0,0,0,0,0,0,0,0,0,0,0,0,0,0,0,0,0,0,0,0,0,0,0,0,0,0,0,0,0,0,0,1,1,2,2,3,3,4,6,6,6,7,8,8,9,10,11,15,17,22,26,32,44,49,67,75,89,92,98,108,121,132,148,163,174,189,197,210,226,246,269,290,311,333,349,353,353,353
E06000010,"Kingston upon Hull, City of",East Riding of Yorkshire,0,0,0,0,0,0,0,0,0,0,0,0,0,0,0,0,0,0,0,0,0,0,0,0,0,0,0,0,0,0,0,0,0,0,0,0,0,1,1,1,1,1,1,1,1,1,1,1,1,1,1,1,1,1,1,1,1,4,4,4,5,8,11,13,13,16,19,21,26,34,44,52,56,71,83,92,105,123,137,147,162,190,222,232,247,271,288,312,322,348,364,378,378
E06000011,East Riding of Yorkshire,East Riding of Yorkshire,0,0,0,0,0,0,0,0,0,0,0,0,0,0,0,0,0,0,0,0,0,0,0,0,0,0,0,0,0,0,0,0,0,0,0,0,0,0,0,0,0,0,0,0,0,0,2,4,6,10,10,10,12,13,14,16,16,16,18,23,25,31,34,37,40,50,62,77,86,93,105,119,129,149,169,190,199,221,227,243,260,287,311,332,345,357,378,405,429,443,461,471,472
E06000012,North East Lincolnshire,Lincolnshire,0,0,0,0,0,0,0,0,0,0,0,0,0,0,0,0,0,0,0,0,0,0,0,0,0,0,0,0,0,0,0,0,0,0,0,0,0,0,0,0,0,0,0,0,0,0,0,0,0,0,0,0,0,0,1,1,2,3,4,6,10,15,18,21,22,25,29,31,36,37,47,50,52,58,61,65,69,73,78,80,84,90,90,91,100,102,103,107,109,116,125,125,125
E06000013,North Lincolnshire,Lincolnshire,0,0,0,0,0,0,0,0,0,0,0,0,0,0,0,0,0,0,0,0,0,0,0,0,0,0,0,0,0,0,0,0,0,0,0,0,0,0,0,0,0,0,1,1,1,1,1,1,1,1,1,1,2,2,2,4,5,5,5,6,7,10,13,15,17,23,26,34,42,46,59,63,63,70,75,85,102,105,121,129,136,152,168,180,199,211,218,235,248,266,289,296,296
E06000014,York,North Yorkshire,0,0,0,0,0,0,1,1,1,1,1,1,1,1,1,1,1,1,1,1,1,1,1,1,1,1,1,1,1,1,1,1,1,1,1,1,1,1,2,2,2,2,2,2,2,2,3,3,3,4,5,5,5,7,9,11,12,13,13,14,16,17,18,23,30,30,34,39,51,62,70,74,78,88,101,111,120,126,129,134,146,153,160,170,182,186,192,200,210,223,233,240,242
E06000015,Derby,Derbyshire,0,0,0,0,0,0,0,0,0,0,0,0,0,0,0,0,0,0,0,0,0,0,0,0,0,0,0,0,0,0,0,0,0,0,0,0,0,0,0,0,0,0,1,1,1,1,3,5,5,6,7,11,17,20,24,34,37,45,59,76,97,108,116,124,145,165,187,211,241,260,282,300,302,304,319,330,341,353,366,375,379,384,392,396,407,410,414,423,426,437,441,441,441
E06000016,Leicester,Leicestershire,0,0,0,0,0,0,0,0,0,0,0,0,0,0,0,0,0,0,0,0,0,0,0,0,0,0,0,0,0,0,0,0,0,0,0,0,0,0,0,0,0,0,0,0,0,0,0,1,2,3,3,3,5,8,13,19,21,26,33,44,64,69,82,90,101,102,107,134,167,191,217,232,252,278,300,320,351,371,388,410,419,432,447,457,468,483,506,534,550,571,588,592,592
E06000017,Rutland,Rutland,0,0,0,0,0,0,0,0,0,0,0,0,0,0,0,0,0,0,0,0,0,0,0,0,0,0,0,0,0,0,0,0,0,0,0,0,0,0,0,0,0,0,0,0,0,0,0,0,0,0,0,0,0,0,0,0,0,0,0,1,2,2,3,3,3,4,4,6,6,6,7,7,8,8,8,9,9,10,10,11,12,12,12,13,13,13,13,13,13,18,19,19,19
E06000018,Nottingham,Nottinghamshire,0,0,0,0,0,0,0,0,0,0,0,0,0,0,0,0,0,0,0,0,0,0,0,0,0,0,0,0,0,0,0,0,0,0,0,1,1,1,1,1,1,2,2,3,3,4,7,7,10,14,15,17,18,23,25,29,36,42,51,56,63,72,88,97,101,108,119,133,149,169,185,200,211,232,254,270,282,295,307,318,331,341,350,365,385,388,398,416,436,457,469,485,485
E06000019,"Herefordshire, County of",Herefordshire,0,0,0,0,0,0,0,0,0,0,0,0,0,0,0,0,0,0,0,0,0,0,0,0,0,0,0,0,0,0,0,0,0,0,0,0,0,0,0,0,0,0,1,1,1,1,1,1,1,2,3,6,6,7,7,7,12,12,15,21,24,24,25,27,31,35,40,49,55,59,64,68,72,83,86,91,96,102,108,117,124,129,132,137,143,153,159,173,184,204,215,231,231
E06000020,Telford and Wrekin,Shropshire,0,0,0,0,0,0,0,0,0,0,0,0,0,0,0,0,0,0,0,0,0,0,0,0,0,0,0,0,0,0,0,0,0,0,0,0,0,0,0,0,0,0,0,0,0,0,1,6,6,6,7,7,8,8,9,11,12,14,14,19,22,25,31,39,45,55,61,67,71,78,85,92,101,104,116,122,124,131,133,136,139,144,150,156,166,183,187,197,203,218,222,222,222
E06000021,Stoke-on-Trent,Staffordshire,0,0,0,0,0,0,0,0,0,0,0,0,0,0,0,0,0,0,0,0,0,0,0,0,0,0,0,0,0,0,0,0,0,0,0,0,0,0,0,0,0,0,0,0,0,0,0,0,2,2,3,3,3,4,5,6,7,9,11,15,20,25,30,33,37,54,68,71,88,97,108,114,121,125,136,154,165,189,200,210,225,239,254,266,282,294,305,321,341,354,374,391,395
E06000022,Bath and North East Somerset,Somerset,0,0,0,0,0,0,0,0,0,0,0,0,0,0,0,0,0,0,0,0,0,0,0,0,0,0,0,0,0,0,0,0,0,0,0,0,0,0,0,0,0,0,0,0,0,0,0,1,3,4,4,4,5,5,10,13,16,17,19,23,26,30,35,39,41,47,52,52,57,61,65,66,71,82,90,98,109,125,135,137,143,152,159,163,169,173,183,184,188,193,199,201,201
E06000023,"Bristol, City of",Bristol,0,0,0,0,0,0,0,0,0,0,0,0,0,0,0,0,0,0,0,0,0,0,0,0,0,0,0,0,0,0,0,0,0,0,0,0,0,0,0,1,1,1,2,3,3,3,4,4,5,8,10,11,11,15,22,24,28,36,41,50,54,66,80,94,104,116,133,151,168,183,203,213,227,240,261,289,306,324,350,364,380,397,419,447,461,474,486,507,521,542,554,570,571
E06000024,North Somerset,Somerset,0,0,0,0,0,0,0,0,0,0,0,0,0,0,0,0,0,0,0,0,0,0,0,0,0,0,0,0,0,0,0,0,0,0,0,0,0,0,0,0,0,0,0,0,0,1,1,6,11,13,15,16,16,17,17,17,19,20,20,20,21,28,31,37,39,43,51,55,63,69,77,83,87,93,97,102,113,117,124,125,130,135,144,147,165,171,173,177,184,193,201,205,205
E06000025,South Gloucestershire,Gloucestershire,0,0,0,0,0,0,0,0,0,0,0,0,0,0,0,0,0,0,0,0,0,0,0,0,0,0,0,0,0,0,0,0,0,0,0,0,0,0,0,0,0,0,0,0,1,3,3,6,9,12,12,13,13,14,16,17,17,20,23,31,36,49,53,59,67,76,91,102,108,117,127,136,146,156,165,193,206,212,218,222,224,232,251,257,264,273,280,296,306,311,313,321,321
E06000026,Plymouth,Devon,0,0,0,0,0,0,0,0,0,0,0,0,0,0,0,0,0,0,0,0,0,0,0,0,0,0,0,0,0,0,0,0,0,0,0,0,0,0,0,0,0,0,0,0,0,0,1,1,1,3,3,6,7,7,10,12,14,16,16,19,26,29,38,41,44,49,56,58,66,78,92,102,103,108,116,120,129,142,143,150,162,178,189,193,200,202,215,224,240,257,264,267,268
E06000027,Torbay,Devon,0,0,0,0,0,0,0,0,0,0,0,0,0,0,0,0,0,0,0,0,0,0,0,0,0,0,0,0,0,0,0,0,0,0,0,0,0,0,4,4,4,4,5,6,6,6,6,6,6,6,6,7,8,9,10,10,15,16,17,19,21,22,27,33,36,37,42,49,52,54,54,58,61,63,69,72,93,98,99,101,104,107,110,111,127,130,152,162,168,177,182,182,182
E06000030,Swindon,Wiltshire,0,0,0,0,0,0,0,0,0,0,0,0,0,0,0,0,0,0,0,0,0,0,0,0,0,0,0,0,0,0,0,0,0,0,0,0,0,0,0,1,1,1,2,2,2,2,2,2,2,4,4,5,5,6,8,8,9,9,12,15,19,22,27,30,31,36,42,46,54,66,73,85,95,104,121,136,155,169,186,196,211,228,240,256,267,273,287,304,312,324,334,337,337
E06000031,Peterborough,Cambridgeshire,0,0,0,0,0,0,0,0,0,0,0,0,0,0,0,0,0,0,0,0,0,0,0,0,0,0,0,0,0,0,0,0,0,0,0,0,0,0,0,0,0,0,0,0,0,0,0,0,0,0,2,2,2,2,3,4,9,12,16,19,21,22,26,32,37,40,46,50,56,61,71,75,81,89,98,103,105,109,111,113,120,124,128,140,151,152,156,165,181,188,188,189,189
E06000032,Luton,Bedfordshire,0,0,0,0,0,0,0,0,0,0,0,0,0,0,0,0,0,0,0,0,0,0,0,0,0,0,0,0,0,0,0,0,0,0,0,0,0,0,0,0,2,2,2,2,2,2,2,2,2,3,3,3,3,8,14,18,27,30,35,42,57,68,77,89,99,109,125,151,168,191,209,223,250,278,308,343,359,381,397,420,435,459,468,472,496,529,530,539,550,565,565,566,566
E06000033,Southend-on-Sea,Essex,0,0,0,0,0,0,0,0,0,0,0,0,0,0,0,0,0,0,0,0,0,0,0,0,0,0,0,0,0,0,0,0,0,0,0,0,0,0,0,0,1,1,1,1,1,2,2,2,3,3,4,4,6,8,8,8,8,9,13,19,25,27,35,42,48,59,72,87,103,117,135,150,158,177,195,200,206,216,220,228,238,245,251,254,255,256,261,268,273,277,277,277,277
E06000034,Thurrock,Essex,0,0,0,0,0,0,0,0,0,0,0,0,0,0,0,0,0,0,0,0,0,0,0,0,0,0,0,0,0,0,0,0,0,0,0,0,0,0,0,0,0,0,0,0,0,0,1,2,2,2,3,3,5,8,13,14,14,17,22,31,33,37,47,59,66,73,83,93,103,120,125,133,142,150,164,182,187,191,199,204,212,216,218,227,231,235,236,242,251,259,261,261,261
E06000035,Medway,Kent,0,0,0,0,0,0,0,0,0,0,0,0,0,0,0,0,0,0,0,0,0,0,0,0,0,0,0,0,0,0,0,0,0,0,1,1,1,1,1,1,3,3,3,3,3,3,3,7,8,11,11,13,14,16,17,20,22,32,35,46,62,72,83,91,100,109,119,136,169,193,208,232,251,281,318,340,360,383,401,414,425,438,455,471,496,512,523,541,556,562,575,580,580
E06000036,Bracknell Forest,Berkshire,0,0,0,0,0,0,0,0,0,0,0,0,0,0,0,0,0,0,0,0,0,0,0,0,0,0,0,0,0,0,0,0,0,0,0,0,0,0,0,1,1,1,1,1,1,3,3,3,3,3,3,4,5,6,6,7,8,13,15,17,18,20,23,25,30,34,37,46,56,59,69,76,80,83,94,104,107,111,120,127,142,152,157,162,168,173,175,180,183,190,191,191,191
E06000037,West Berkshire,Berkshire,0,0,0,0,0,0,0,0,0,0,0,0,0,0,0,0,0,0,0,0,0,0,0,0,0,0,0,0,0,0,0,0,0,0,0,0,0,0,0,0,0,0,0,1,1,1,1,1,3,3,4,5,6,7,10,11,14,21,22,30,33,40,44,49,55,58,69,73,87,92,101,114,120,126,137,142,144,157,166,173,185,197,206,223,233,248,254,270,281,286,290,290,291
E06000038,Reading,Berkshire,0,0,0,0,0,0,0,0,0,0,0,0,0,0,0,0,0,0,0,0,0,0,0,0,0,0,0,0,0,0,0,0,0,0,0,0,0,0,0,0,0,0,0,0,1,1,2,2,3,3,6,8,9,11,15,16,16,19,22,26,28,36,43,46,56,67,77,82,96,104,112,126,134,138,151,164,179,193,202,227,254,289,313,341,360,365,371,388,409,423,426,426,426
E06000039,Slough,Berkshire,0,0,0,0,0,0,0,0,0,0,0,0,0,0,0,0,0,0,0,0,0,0,0,0,0,0,0,0,0,0,0,0,0,0,0,0,0,0,0,0,0,0,1,1,4,5,5,10,16,19,21,25,32,37,38,43,48,50,56,66,73,79,91,102,107,113,123,129,140,143,153,167,172,181,199,208,216,230,242,251,265,282,298,306,316,324,330,337,342,349,353,354,354
E06000040,Windsor and Maidenhead,Berkshire,0,0,0,0,0,0,0,0,0,0,0,0,0,0,0,0,0,0,0,0,0,0,0,0,0,0,0,0,0,0,0,0,0,0,0,0,0,0,0,0,0,0,1,1,1,2,4,7,11,11,14,15,17,18,18,24,29,31,37,44,46,55,60,64,72,74,83,90,99,103,107,116,120,123,133,136,146,148,157,163,165,175,185,199,206,208,212,218,218,221,223,224,224
E06000041,Wokingham,Berkshire,0,0,0,0,0,0,0,0,0,0,0,0,0,0,0,0,0,0,0,0,0,0,0,0,0,0,0,0,0,0,0,0,0,0,1,1,1,1,1,2,2,3,3,3,3,3,5,8,10,10,10,12,12,13,17,19,21,21,24,25,26,28,33,43,50,63,78,86,100,102,110,119,127,133,143,155,160,176,179,190,207,221,233,250,277,281,289,296,310,335,338,339,339
E06000042,Milton Keynes,Buckinghamshire,0,0,0,0,0,0,0,0,0,0,0,0,0,0,0,0,0,0,0,0,0,0,0,0,0,0,0,0,0,0,1,1,1,1,1,1,1,1,1,2,2,2,3,3,3,3,3,3,4,4,5,6,6,9,21,27,29,33,35,57,71,81,88,98,108,118,132,149,163,175,187,197,218,237,257,268,281,298,312,318,333,349,361,377,390,395,402,407,416,426,432,432,432
E06000043,Brighton and Hove,East Sussex,0,0,0,0,0,0,0,0,0,0,0,0,0,0,0,1,2,2,2,2,2,2,2,2,2,2,2,2,2,2,2,2,2,2,2,2,2,2,2,2,3,3,3,4,4,4,6,6,6,8,8,10,12,12,16,18,21,24,27,31,38,44,53,65,73,82,88,94,113,125,136,149,160,170,186,205,211,222,230,241,250,263,278,289,304,316,324,331,337,338,342,343,343
E06000044,Portsmouth,Hampshire,0,0,0,0,0,0,0,0,0,0,0,0,0,0,0,0,0,0,0,0,0,0,0,0,0,0,0,0,0,0,0,0,0,0,0,0,0,0,0,0,0,0,0,0,0,1,1,1,2,3,6,9,14,17,20,24,27,28,36,45,51,65,70,73,78,80,84,85,91,96,106,112,122,132,140,151,161,170,183,190,194,205,217,223,231,236,237,238,244,260,262,268,268
E06000045,Southampton,Hampshire,0,0,0,0,0,0,0,0,0,0,0,0,0,0,0,0,0,0,0,0,0,0,0,0,0,0,0,0,0,0,0,0,0,0,0,0,0,0,0,0,1,1,1,1,1,1,3,3,3,5,5,6,8,9,11,14,17,23,27,33,35,41,56,69,79,88,106,126,140,157,166,178,190,199,214,227,249,258,265,275,286,303,312,326,345,360,365,382,398,413,429,436,437
E06000046,Isle of Wight,Isle of Wight,0,0,0,0,0,0,0,0,0,0,0,0,0,0,0,0,0,0,0,0,0,0,0,0,0,0,0,0,0,0,0,0,0,0,0,0,0,0,0,0,1,1,1,1,1,1,2,2,2,2,2,2,2,2,2,2,3,4,8,10,10,11,12,13,15,15,18,19,26,27,28,31,33,37,39,44,46,51,53,55,56,56,60,68,69,72,73,73,79,82,92,101,101
E06000047,County Durham,County Durham,0,0,0,0,0,0,0,0,0,0,0,0,0,0,0,0,0,0,0,0,0,0,0,0,0,0,0,0,0,0,0,0,0,0,0,0,0,0,0,0,0,0,0,0,0,1,1,1,1,1,2,3,3,5,7,9,12,15,18,28,34,47,61,75,94,106,126,148,200,236,273,304,330,416,479,532,590,646,697,726,772,810,854,892,928,975,1002,1052,1098,1135,1181,1189,1193
E06000049,Cheshire East,Cheshire,0,0,0,0,0,0,0,0,0,0,0,0,0,0,0,0,0,0,0,0,0,0,0,0,0,0,0,0,0,0,0,0,0,0,0,0,0,0,0,0,0,0,0,0,0,0,1,2,5,7,10,11,11,15,19,23,24,27,32,34,41,53,63,77,85,98,110,128,159,187,201,220,247,280,308,340,377,405,434,453,484,512,538,572,602,626,647,668,689,711,743,757,757
E06000050,Cheshire West and Chester,Cheshire,0,0,0,0,0,0,0,0,0,0,0,0,0,0,0,0,0,0,0,0,0,0,0,0,0,0,0,0,0,0,0,0,0,0,0,0,0,0,1,1,1,1,1,1,1,1,3,5,6,6,6,8,10,11,13,17,20,21,24,29,33,38,43,60,71,94,110,128,157,183,219,250,282,313,343,371,399,424,439,466,481,503,524,544,577,590,608,626,666,679,698,702,702
E06000051,Shropshire,Shropshire,0,0,0,0,0,0,0,0,0,0,0,0,0,0,0,0,0,0,0,0,0,0,0,0,0,0,0,0,0,0,0,0,0,0,0,0,0,0,0,0,0,0,0,1,2,3,5,12,22,22,22,22,22,22,26,28,33,35,40,44,54,58,72,82,95,108,116,125,138,146,165,173,180,191,200,218,232,238,246,262,279,294,304,319,340,348,360,370,398,407,417,418,418
E06000052,Cornwall and Isles of Scilly,Cornwall,0,0,0,0,0,0,0,0,0,0,0,0,0,0,0,0,0,0,0,0,0,0,0,0,0,0,0,0,0,0,0,0,0,0,0,0,0,0,1,1,2,3,5,5,5,6,7,8,8,9,10,11,14,16,21,23,29,32,35,41,44,48,59,74,84,95,106,126,147,164,182,197,208,227,241,257,275,287,300,320,341,351,359,384,398,411,417,425,436,440,452,458,459
E06000054,Wiltshire,Wiltshire,0,0,0,0,0,0,0,0,0,0,0,0,0,0,0,0,0,0,0,0,0,0,0,0,0,0,0,0,0,0,0,0,0,0,0,0,0,1,1,3,4,4,4,4,4,4,5,8,9,13,13,13,17,18,22,27,31,35,41,47,55,60,67,85,92,95,108,118,128,138,153,162,180,193,203,214,231,236,252,263,280,285,303,317,326,336,346,356,369,377,387,391,391
E06000055,Bedford,Bedfordshire,0,0,0,0,0,0,0,0,0,0,0,0,0,0,0,0,0,0,0,0,0,0,0,0,0,0,0,0,0,0,0,0,0,0,0,0,0,0,0,0,0,0,0,0,0,0,0,0,0,1,1,1,1,3,5,7,7,8,13,24,32,38,47,62,67,70,77,90,101,113,132,138,143,157,173,193,214,230,239,249,265,285,298,318,334,344,348,356,373,381,381,381,381
E06000056,Central Bedfordshire,Bedfordshire,0,0,0,0,0,0,0,0,0,0,0,0,0,0,0,0,0,0,0,0,0,0,0,0,0,0,0,0,0,0,0,0,0,0,0,0,0,0,0,0,0,0,0,0,0,0,2,3,3,6,6,11,11,11,17,21,23,26,32,42,51,57,65,77,87,92,103,122,136,159,173,185,201,221,239,255,272,290,304,321,330,346,359,365,387,398,400,411,431,441,441,441,441
E06000057,Northumberland,Northumberland,0,0,0,0,0,0,0,0,0,0,0,0,0,0,0,0,0,0,0,0,0,0,0,0,0,0,0,0,0,0,0,0,0,0,0,0,0,0,0,0,0,0,0,0,0,0,0,0,0,1,1,3,4,6,7,9,10,10,13,20,28,36,48,55,65,71,78,95,135,159,181,206,229,257,287,322,358,382,421,458,489,520,539,556,581,605,625,648,671,684,692,695,695
E06000058,"Bournemouth, Christchurch and Poole",Dorset,0,0,0,0,0,0,0,0,0,0,0,0,0,0,0,0,0,0,0,0,0,0,0,0,0,0,0,0,0,0,0,0,0,0,0,0,0,0,0,0,0,2,3,3,3,3,5,5,8,8,9,9,9,10,11,12,12,15,16,17,22,27,36,45,52,58,71,77,92,104,115,123,135,153,172,187,204,226,233,255,269,287,295,321,334,346,354,363,375,380,387,389,389
E06000059,Dorset,Dorset,0,0,0,0,0,0,0,0,0,0,0,0,0,0,0,0,0,0,0,0,0,0,0,0,0,0,0,0,0,0,0,0,0,0,0,0,0,0,0,0,0,0,0,0,0,0,1,2,4,5,7,8,8,10,11,13,16,19,25,29,31,34,44,50,58,65,77,82,97,107,122,129,135,147,156,173,190,202,205,210,214,222,230,234,243,251,257,264,269,277,290,291,291
E08000001,Bolton,Greater Manchester,0,0,0,0,0,0,0,0,0,0,0,0,0,0,0,0,0,0,0,0,0,0,0,0,0,0,0,0,0,0,0,0,0,0,0,0,0,1,1,1,1,2,2,3,3,3,3,5,6,7,7,9,12,13,16,18,20,21,24,26,31,36,42,49,60,63,80,102,127,144,179,202,217,248,269,311,349,377,407,427,459,488,518,541,567,582,605,625,650,683,697,698,698
E08000002,Bury,Greater Manchester,0,0,0,0,0,0,0,0,0,0,0,0,0,0,0,0,0,0,0,0,0,0,0,0,0,0,0,0,0,0,0,0,0,0,0,0,0,3,3,3,3,3,3,4,4,4,4,4,4,7,7,7,8,10,12,14,15,17,24,27,35,38,52,61,71,78,94,100,116,124,142,153,168,181,193,207,217,233,249,258,263,267,291,305,333,346,352,374,382,387,405,407,407
E08000003,Manchester,Greater Manchester,0,0,0,0,0,0,0,0,0,0,0,0,0,0,0,0,0,0,0,0,0,0,0,0,0,0,0,0,0,0,0,0,0,0,0,0,0,0,0,1,2,4,4,4,4,6,7,8,8,15,15,18,24,28,31,35,39,42,46,58,66,81,103,117,148,171,195,228,256,290,320,360,396,464,518,563,613,645,686,717,746,783,813,828,841,866,884,917,945,966,984,989,989
E08000004,Oldham,Greater Manchester,0,0,0,0,0,0,0,0,0,0,0,0,0,0,0,0,0,0,0,0,0,0,0,0,0,0,0,0,0,0,0,0,0,0,0,0,0,0,1,1,1,2,2,4,4,4,6,6,7,9,10,10,14,15,17,22,25,35,40,46,58,72,86,97,110,120,138,151,173,196,216,229,242,261,281,294,305,332,355,370,377,388,412,437,454,472,489,510,526,538,557,561,561
E08000005,Rochdale,Greater Manchester,0,0,0,0,0,0,0,0,0,0,0,0,0,0,0,0,0,0,0,0,0,0,0,0,0,0,0,0,0,0,0,0,0,0,0,0,0,0,0,0,0,0,0,0,0,1,2,3,3,4,4,5,8,13,14,15,18,24,26,36,43,50,65,76,89,97,108,127,143,152,168,185,196,206,219,237,253,266,271,272,278,287,304,316,323,327,335,362,378,390,401,403,403
E08000006,Salford,Greater Manchester,0,0,0,0,0,0,0,0,0,0,0,0,0,0,0,0,0,0,0,0,0,0,0,0,0,0,0,0,0,0,0,0,0,0,0,0,0,0,0,0,0,0,0,0,0,0,1,1,2,4,4,4,9,11,14,21,30,38,45,56,72,78,96,109,127,141,162,191,209,230,242,258,276,304,314,326,330,352,362,373,382,394,413,444,464,476,487,502,516,528,545,547,547
E08000007,Stockport,Greater Manchester,0,0,0,0,0,0,0,0,0,0,0,0,0,0,0,0,0,0,0,0,0,0,0,0,0,0,0,0,0,0,0,0,0,0,0,0,0,1,1,1,1,2,2,2,2,2,3,5,6,9,12,12,15,21,28,35,37,43,49,55,65,74,89,97,107,119,142,160,193,221,252,278,304,346,374,401,436,469,495,509,546,567,591,612,633,653,667,689,702,727,744,747,750
E08000008,Tameside,Greater Manchester,0,0,0,0,0,0,0,0,0,0,0,0,0,0,0,0,0,0,0,0,0,0,0,0,0,0,0,0,0,0,0,0,0,0,0,0,0,0,0,0,0,0,1,1,1,1,2,3,7,9,11,14,16,19,22,26,28,36,40,43,48,52,60,68,75,88,98,116,131,149,162,177,191,219,229,254,268,278,285,303,322,335,347,363,374,381,387,395,407,416,420,422,422
E08000009,Trafford,Greater Manchester,0,0,0,0,0,0,0,0,0,0,0,0,0,0,0,0,0,0,0,0,0,0,0,0,0,0,0,0,0,0,0,0,0,0,0,0,0,0,3,3,4,4,4,4,4,4,7,7,10,12,13,15,16,16,21,25,32,36,45,50,60,70,85,93,106,114,133,146,174,201,227,243,262,284,303,333,349,371,385,395,404,425,433,451,461,475,483,498,520,531,540,542,542
E08000010,Wigan,Greater Manchester,0,0,0,0,0,0,0,0,0,0,0,0,0,0,0,0,0,0,0,0,0,0,0,0,0,0,0,0,0,0,0,0,0,0,0,1,1,1,1,3,3,4,4,4,4,4,4,4,5,5,6,7,7,8,10,10,11,15,16,19,25,31,46,59,66,80,99,123,136,160,184,198,213,230,254,269,282,299,325,334,354,374,395,420,440,457,475,506,525,539,564,565,565
E08000011,Knowsley,Merseyside,0,0,0,0,0,0,0,0,0,0,0,0,0,0,0,0,0,0,0,0,0,0,0,0,0,0,0,0,0,0,0,0,0,0,0,0,0,0,0,0,0,0,0,0,0,0,0,0,1,1,1,3,3,3,5,5,6,9,11,12,16,26,33,40,50,62,84,97,115,137,159,177,192,226,241,260,289,301,316,324,340,348,373,393,419,425,433,453,464,474,494,495,495
E08000012,Liverpool,Merseyside,0,0,0,0,0,0,0,0,0,0,0,0,0,0,0,0,0,0,0,0,0,0,0,0,0,0,0,0,0,0,0,0,0,0,0,0,0,0,1,3,3,3,4,5,5,5,6,6,9,11,13,13,16,20,29,35,45,59,72,90,115,139,173,200,227,263,306,347,395,451,510,557,603,656,722,796,862,896,936,971,1008,1038,1076,1120,1155,1174,1195,1224,1253,1274,1293,1308,1308
E08000013,St. Helens,Merseyside,0,0,0,0,0,0,0,0,0,0,0,0,0,0,0,0,0,0,0,0,0,0,0,0,0,0,0,0,0,0,0,0,0,0,0,0,0,0,0,0,0,0,0,0,0,0,0,1,1,2,2,3,3,3,5,6,10,12,14,18,29,40,52,66,76,96,119,137,166,192,222,252,273,301,329,345,366,377,387,401,410,418,446,469,491,500,503,517,547,558,581,584,584
E08000014,Sefton,Merseyside,0,0,0,0,0,0,0,0,0,0,0,0,0,0,0,0,0,0,0,0,0,0,0,0,0,0,0,0,0,0,0,0,0,0,0,0,0,0,0,0,0,0,0,0,0,1,1,1,3,3,5,6,6,7,8,12,14,16,20,27,34,52,64,80,92,104,123,156,184,216,261,294,321,357,395,428,461,475,502,523,555,584,616,634,660,672,684,699,716,735,739,742,742
E08000015,Wirral,Merseyside,0,0,0,0,0,0,0,0,0,0,0,0,0,0,0,0,0,0,0,0,0,0,0,0,0,0,0,0,0,0,0,0,0,0,0,0,0,1,1,1,1,1,1,1,3,3,3,4,5,6,8,8,10,10,10,11,13,16,21,28,38,44,55,70,83,105,123,139,157,209,253,295,338,385,434,482,522,552,587,614,649,695,733,759,789,808,835,850,874,901,915,920,920
E08000016,Barnsley,South Yorkshire,0,0,0,0,0,0,0,0,0,0,1,1,1,1,1,1,1,1,1,1,1,1,1,1,1,1,1,1,1,1,1,1,1,1,1,1,1,1,2,3,3,3,3,3,3,3,3,4,4,4,6,7,7,9,12,17,18,22,29,42,58,68,89,104,118,131,146,179,205,219,228,240,242,255,276,292,311,336,360,381,413,440,451,460,476,485,507,524,538,544,544,549,553
E08000017,Doncaster,South Yorkshire,0,0,0,0,0,0,0,0,0,0,0,0,0,0,0,0,0,0,0,0,0,0,0,0,0,0,0,0,0,0,0,0,0,0,0,0,0,0,0,0,0,0,0,0,0,0,2,2,2,2,2,2,4,6,7,11,15,15,23,26,35,46,55,59,78,94,113,127,144,155,171,178,178,179,187,202,227,231,239,247,256,260,280,301,320,338,347,361,368,370,372,372,372
E08000018,Rotherham,South Yorkshire,0,0,0,0,0,0,0,0,0,0,0,0,0,0,0,0,0,0,0,0,0,0,0,0,0,0,0,0,0,0,0,0,0,0,0,0,0,0,1,1,1,1,1,1,1,3,4,4,4,5,5,5,6,8,10,12,15,19,28,38,50,59,75,85,101,128,155,184,206,221,239,250,259,267,288,309,329,351,361,386,421,441,471,485,506,527,545,564,581,589,594,600,605
E08000019,Sheffield,South Yorkshire,0,0,0,0,0,0,0,0,0,0,0,0,0,0,0,0,0,0,0,0,0,0,0,0,0,0,0,0,0,0,0,0,0,0,0,0,1,2,2,3,4,6,6,9,12,12,18,18,20,24,30,36,50,63,81,107,132,169,212,273,332,380,427,454,519,581,656,766,829,882,925,967,1033,1097,1146,1196,1249,1306,1358,1392,1462,1510,1586,1633,1671,1730,1772,1836,1873,1901,1906,1919,1928
E08000021,Newcastle upon Tyne,Tyne and Wear,0,0,0,0,0,0,0,0,0,0,0,0,0,0,0,0,0,0,0,0,0,0,0,0,0,0,0,0,0,0,0,0,0,0,0,0,0,0,1,1,2,3,3,4,4,4,5,5,5,7,9,13,13,19,22,27,35,44,49,67,87,106,125,145,157,187,206,240,281,312,344,367,391,430,470,500,541,570,590,607,627,658,675,696,714,731,748,765,783,801,811,818,820
E08000022,North Tyneside,Tyne and Wear,0,0,0,0,0,0,0,0,0,0,0,0,0,0,0,0,0,0,0,0,0,0,0,0,0,0,0,0,0,0,0,0,0,0,0,0,0,0,0,0,0,1,1,1,1,2,2,2,2,5,6,6,7,8,11,14,17,17,19,23,27,31,37,48,65,72,75,94,129,143,156,180,198,230,256,274,290,298,314,321,335,346,357,367,379,396,400,407,413,428,437,438,438
E08000023,South Tyneside,Tyne and Wear,0,0,0,0,0,0,0,0,0,0,0,0,0,0,0,0,0,0,0,0,0,0,0,0,0,0,0,0,0,0,0,0,0,0,0,0,0,0,0,0,0,0,0,0,0,0,0,0,0,0,0,1,2,2,3,4,6,8,8,10,15,19,21,28,29,34,47,60,69,82,99,111,126,149,168,187,199,217,229,238,254,281,303,333,357,370,377,402,420,439,455,480,486
E08000024,Sunderland,Tyne and Wear,0,0,0,0,0,0,0,0,0,0,0,0,0,0,0,0,0,0,0,0,0,0,0,0,0,0,0,0,0,0,0,0,0,0,0,0,0,0,0,0,0,0,0,1,1,1,1,1,1,1,1,3,5,5,6,9,12,17,19,25,43,53,64,73,77,88,117,163,206,243,291,337,386,446,495,546,593,630,677,706,740,770,820,844,882,915,943,999,1020,1035,1055,1073,1078
E08000025,Birmingham,West Midlands,0,0,0,0,0,0,0,0,0,0,0,0,0,0,0,0,0,0,0,0,0,0,0,0,0,0,0,0,0,0,0,0,0,0,0,0,0,1,2,2,2,3,3,3,4,5,9,15,22,36,43,55,70,94,126,161,213,243,269,334,401,460,554,624,704,809,932,1063,1171,1273,1353,1435,1505,1569,1654,1742,1803,1868,1899,1949,1994,2076,2155,2235,2324,2383,2434,2487,2551,2614,2651,2659,2659
E08000026,Coventry,West Midlands,0,0,0,0,0,0,0,0,0,0,0,0,0,0,0,0,0,0,0,0,0,0,0,0,0,0,0,0,0,0,0,0,0,0,0,0,0,0,0,0,0,1,2,2,3,3,3,5,7,7,7,7,13,17,21,26,27,36,42,53,72,88,107,120,138,155,178,207,235,255,277,295,305,330,352,362,387,402,417,438,456,469,491,507,527,539,544,569,592,602,620,621,621
E08000027,Dudley,West Midlands,0,0,0,0,0,0,0,0,0,0,0,0,0,0,0,0,0,0,0,0,0,0,0,0,0,0,0,0,0,0,0,0,0,0,0,0,0,0,0,0,0,0,0,1,1,3,4,4,8,9,11,15,18,20,26,36,47,53,62,79,92,109,133,147,164,188,216,238,256,286,302,329,349,367,386,402,415,443,463,475,491,501,525,562,581,609,621,638,654,660,676,685,685
E08000028,Sandwell,West Midlands,0,0,0,0,0,0,0,0,0,0,0,0,0,0,0,0,0,0,0,0,0,0,0,0,0,0,0,0,0,0,0,0,0,0,0,0,0,0,0,0,0,0,0,0,0,0,0,2,6,8,11,15,20,22,29,47,53,60,73,95,112,129,143,162,180,209,244,279,309,346,377,396,420,443,471,505,530,566,578,596,630,660,698,731,756,778,799,829,853,866,881,886,886
E08000029,Solihull,West Midlands,0,0,0,0,0,0,0,0,0,0,0,0,0,0,0,0,0,0,0,0,0,0,0,0,0,0,0,0,0,0,0,0,0,0,0,0,0,0,0,0,0,0,0,0,0,0,0,1,1,1,1,1,3,4,5,10,14,18,21,30,45,61,78,95,124,137,151,168,183,208,228,251,261,273,292,306,325,347,360,367,377,396,415,426,436,447,454,477,488,502,519,519,519
E08000030,Walsall,West Midlands,0,0,0,0,0,0,0,0,0,0,0,0,0,0,0,0,0,0,0,0,0,0,0,0,0,0,0,0,0,0,0,0,0,0,0,0,0,1,1,1,1,1,1,1,1,1,2,7,14,16,18,22,23,27,32,40,49,61,71,90,106,122,141,160,195,216,243,273,309,357,384,410,427,460,493,512,544,565,574,587,609,631,650,673,706,718,728,763,800,816,821,821,821
E08000031,Wolverhampton,West Midlands,0,0,0,0,0,0,0,0,0,0,0,0,0,0,0,0,0,0,0,0,0,0,0,0,0,0,0,0,0,0,0,0,0,0,0,0,0,0,0,0,0,1,1,4,5,5,8,13,18,29,37,40,44,59,65,72,87,98,103,112,136,147,160,186,204,216,237,260,279,296,307,327,337,359,374,406,425,450,460,469,497,514,530,555,582,598,610,632,652,690,704,705,705
E08000032,Bradford,West Yorkshire,0,0,0,0,0,0,0,0,0,0,0,0,0,0,0,0,0,0,0,0,0,0,0,0,0,0,0,0,0,0,0,0,0,0,0,0,0,1,1,1,1,1,1,1,1,1,3,3,5,5,7,7,7,10,12,12,14,17,20,26,35,42,52,72,86,106,129,149,170,189,213,234,262,298,331,368,396,414,431,453,466,483,522,538,570,590,597,618,643,678,702,726,726
E08000033,Calderdale,West Yorkshire,0,0,0,0,0,0,0,0,0,0,0,0,0,0,0,0,0,0,0,0,0,0,0,0,0,0,0,0,0,0,0,0,0,0,0,0,0,0,0,0,0,0,0,0,0,0,1,3,3,3,3,3,5,5,5,5,5,7,7,9,10,14,20,26,31,40,52,57,63,74,86,94,97,107,113,122,128,139,142,150,156,164,176,181,189,193,195,199,205,210,215,218,218
E08000034,Kirklees,West Yorkshire,0,0,0,0,0,0,0,0,0,0,0,0,0,0,0,0,0,0,0,0,0,0,0,0,0,0,0,0,0,0,0,0,0,0,0,0,0,0,0,0,0,0,0,0,0,1,2,3,3,3,3,4,6,7,12,14,18,21,24,28,34,44,55,65,74,89,108,127,151,173,194,208,220,248,274,295,310,322,337,343,362,386,398,417,428,440,451,458,470,479,489,493,495
E08000035,Leeds,West Yorkshire,0,0,0,0,0,0,0,0,0,0,0,0,0,0,0,0,0,0,0,0,0,0,0,0,0,0,0,0,0,0,0,0,0,0,0,1,1,2,2,2,3,3,3,5,5,8,8,11,12,12,12,14,15,18,22,28,35,41,52,68,86,97,118,139,165,186,213,237,268,298,335,352,388,437,502,546,588,635,670,708,736,771,824,876,926,959,992,1035,1107,1156,1200,1208,1209
E08000036,Wakefield,West Yorkshire,0,0,0,0,0,0,0,0,0,0,0,0,0,0,0,0,0,0,0,0,0,0,0,0,0,0,0,0,0,0,0,0,0,0,0,0,0,0,0,0,0,0,0,0,0,0,0,1,5,5,5,5,5,5,9,10,12,14,19,26,33,44,58,65,78,89,100,116,133,150,178,189,210,234,257,282,295,309,317,335,350,365,384,395,407,420,427,439,449,463,468,469,469
E08000037,Gateshead,Tyne and Wear,0,0,0,0,0,0,0,0,0,0,0,0,0,0,0,0,0,0,0,0,0,0,0,0,0,0,0,0,0,0,0,0,0,0,0,0,0,0,0,0,0,0,0,0,0,0,0,0,1,1,1,1,1,2,2,2,3,5,5,10,17,18,28,32,45,53,83,102,135,158,177,208,228,270,314,358,394,427,453,473,493,518,538,552,572,597,613,627,659,676,719,742,746
E09000001,City of London,Greater London,0,0,0,0,0,0,0,0,0,0,0,0,0,0,0,0,0,0,0,0,0,0,0,0,0,0,0,0,0,0,0,0,0,0,0,0,0,0,0,0,0,0,0,0,0,0,0,0,0,0,0,0,0,0,0,0,5,5,5,5,5,5,6,7,7,8,10,11,11,11,11,11,11,11,11,13,13,13,13,13,13,13,13,13,13,13,13,15,16,16,16,16,16
E09000002,Barking and Dagenham,Greater London,0,0,0,0,0,0,0,0,0,0,0,0,0,0,0,0,0,0,0,0,0,0,0,0,0,0,0,0,0,0,0,0,0,0,0,0,0,1,1,1,1,1,1,1,2,3,3,4,8,9,10,15,19,24,29,33,42,52,60,71,83,94,101,113,124,135,146,164,185,207,222,228,244,255,277,295,310,320,324,339,356,369,380,390,399,404,415,423,433,439,442,442,442
E09000003,Barnet,Greater London,0,0,0,0,0,0,0,0,0,0,0,0,0,0,0,0,0,0,0,0,0,0,0,1,1,1,1,1,1,1,1,1,1,1,1,2,2,3,3,3,7,8,9,9,10,13,16,27,32,38,44,54,65,72,86,112,133,151,176,206,245,290,345,399,433,463,505,550,587,652,690,728,768,806,850,899,933,954,974,991,1013,1033,1054,1067,1081,1094,1103,1113,1136,1142,1151,1155,1155
E09000004,Bexley,Greater London,0,0,0,0,0,0,0,0,0,0,0,0,0,0,0,0,0,0,0,0,0,0,0,0,0,0,0,0,0,0,0,0,0,0,0,0,0,0,0,0,0,0,0,0,0,2,4,8,13,17,20,21,25,31,36,41,49,53,63,80,93,112,123,142,152,166,181,201,230,247,272,294,312,336,377,393,409,423,436,442,452,475,487,508,519,528,543,556,563,576,579,581,581
E09000005,Brent,Greater London,0,0,0,0,0,0,0,0,0,0,0,0,0,0,0,0,0,0,0,0,0,0,0,0,0,0,0,0,0,0,0,0,0,0,0,1,1,1,1,1,1,1,1,2,3,6,10,20,29,32,39,47,57,80,102,124,145,163,189,235,263,309,353,401,433,486,543,588,643,701,757,806,843,880,908,951,979,1019,1041,1067,1093,1127,1153,1187,1217,1241,1255,1270,1285,1294,1308,1310,1310
E09000006,Bromley,Greater London,0,0,0,0,0,0,0,0,0,0,0,0,0,0,0,0,0,0,0,0,0,0,0,0,0,0,0,0,0,0,0,0,0,0,0,0,0,1,1,1,1,1,1,1,2,3,5,10,16,20,26,34,40,49,62,68,86,102,126,161,191,216,245,275,307,329,368,412,461,498,528,561,587,624,660,703,734,757,780,791,822,842,865,890,912,924,933,945,958,967,992,998,998
E09000007,Camden,Greater London,0,0,0,0,0,0,0,0,0,0,0,0,0,0,0,0,0,0,0,0,0,0,0,0,0,0,0,0,0,0,0,0,0,0,0,0,0,0,2,2,2,2,3,4,6,7,9,19,24,29,30,33,36,40,50,55,61,76,87,102,122,144,172,192,203,209,226,244,263,288,307,329,345,362,381,403,420,430,439,447,460,469,489,499,509,523,528,535,541,549,555,557,557
E09000008,Croydon,Greater London,0,0,0,0,0,0,0,0,0,0,0,0,0,0,0,0,0,0,0,0,0,0,0,0,0,0,0,0,0,0,0,0,0,0,0,0,0,0,0,0,0,0,0,1,1,2,2,7,15,20,34,40,53,74,89,98,123,148,172,208,235,278,322,364,386,412,468,515,570,650,698,743,779,821,866,922,965,990,1012,1038,1064,1112,1148,1179,1198,1222,1230,1255,1270,1288,1308,1310,1310
E09000009,Ealing,Greater London,0,0,0,0,0,0,0,0,0,0,0,0,0,0,0,0,0,0,0,0,1,1,1,1,1,1,1,1,1,1,1,1,1,1,1,1,1,2,3,4,5,6,6,7,8,8,13,23,27,30,32,40,54,63,81,99,115,126,144,173,207,242,272,309,329,354,382,421,447,488,518,544,558,588,632,668,698,743,769,790,824,851,893,909,926,939,950,969,983,991,1000,1005,1005
E09000010,Enfield,Greater London,0,0,0,0,0,0,0,0,0,0,0,0,0,0,0,0,0,0,0,0,0,0,0,0,1,1,1,1,1,1,1,1,1,1,1,1,1,1,1,1,1,1,2,2,3,4,9,11,17,21,28,30,32,44,51,66,86,94,112,133,157,178,193,208,228,237,263,289,315,341,367,386,398,432,465,496,526,551,572,594,608,643,654,672,702,712,719,744,758,767,778,781,781
E09000011,Greenwich,Greater London,0,0,0,0,0,0,0,0,0,0,0,0,0,0,0,0,0,0,0,0,0,0,0,0,0,0,0,0,0,0,0,0,0,0,0,0,0,0,0,0,0,0,0,1,1,1,4,8,14,19,21,27,32,46,58,64,78,96,102,115,132,151,162,180,196,208,221,251,280,303,326,339,360,397,412,435,453,467,478,492,503,532,546,555,563,569,573,581,589,599,604,607,607
E09000012,Hackney,Greater London,0,0,0,0,0,0,0,0,0,0,0,0,0,0,0,0,0,0,0,0,0,0,0,0,0,0,1,1,1,1,1,1,1,1,1,1,1,1,1,1,1,1,2,2,3,5,6,14,20,23,28,30,36,43,48,56,65,70,84,104,124,140,163,178,190,204,222,253,285,323,348,372,392,415,442,459,475,489,504,514,522,529,541,547,556,561,566,578,580,586,592,594,595
E09000013,Hammersmith and Fulham,Greater London,0,0,0,0,0,0,0,0,0,0,0,0,0,0,0,0,0,0,0,0,0,0,0,0,0,0,0,0,0,0,0,0,0,0,0,0,0,0,0,0,1,1,3,3,3,6,9,20,21,24,26,29,32,40,49,52,60,72,86,100,114,132,156,164,176,183,195,212,238,260,279,295,305,321,343,362,372,388,392,399,408,417,445,470,485,489,495,503,522,543,587,592,592
E09000014,Haringey,Greater London,0,0,0,0,0,0,0,0,0,0,0,0,0,0,0,0,0,0,0,0,0,0,0,0,0,0,0,0,0,0,0,0,0,0,0,0,0,0,0,0,0,0,0,0,1,3,6,12,19,27,28,32,34,38,51,61,72,83,94,109,128,140,149,167,183,199,219,237,259,286,312,329,337,349,378,391,411,422,431,443,457,467,480,484,489,492,505,509,517,521,524,526,526
E09000015,Harrow,Greater London,0,0,0,0,0,0,0,0,0,0,0,0,0,0,0,0,0,0,0,0,0,0,0,0,0,0,0,0,0,0,0,0,0,0,0,0,0,0,0,1,1,1,1,1,1,6,7,12,20,24,33,39,51,65,88,99,113,131,146,165,191,219,249,288,315,337,366,393,416,447,470,494,520,545,575,600,631,658,674,687,710,725,739,755,773,785,799,812,835,848,859,861,861
E09000016,Havering,Greater London,0,0,0,0,0,0,0,0,0,0,0,0,0,0,0,0,0,0,0,0,0,0,0,0,0,0,0,0,0,0,0,0,0,0,0,0,0,0,0,0,0,0,2,2,2,3,3,5,6,7,9,13,15,18,29,36,40,46,58,68,84,98,109,119,125,134,150,176,205,235,267,288,308,330,363,394,419,445,463,482,499,513,529,548,556,565,575,586,592,602,607,607,607
E09000017,Hillingdon,Greater London,0,0,0,0,0,0,0,0,0,0,0,0,0,0,0,0,0,0,0,0,0,0,0,0,0,0,0,0,0,0,0,0,0,0,0,0,0,0,1,1,2,4,4,4,6,6,8,10,14,17,18,23,32,48,53,66,77,86,96,113,131,148,168,194,205,223,242,275,297,314,358,375,391,414,441,459,491,511,528,539,556,573,587,601,621,637,647,668,679,690,696,698,698
E09000018,Hounslow,Greater London,0,0,0,0,0,0,0,0,0,0,0,0,0,0,0,0,0,0,0,0,0,0,0,0,0,0,0,0,0,0,0,0,0,0,0,1,1,2,3,4,4,4,4,4,4,4,6,12,13,18,22,27,36,44,54,67,74,88,96,113,128,145,160,186,194,209,233,255,287,320,344,360,379,397,420,443,467,483,492,502,511,532,545,555,566,576,587,598,609,614,620,620,620
E09000019,Islington,Greater London,0,0,0,0,0,0,0,0,0,0,0,0,0,0,0,0,0,0,0,0,0,0,0,0,0,0,0,0,0,0,1,1,1,1,1,1,1,1,1,1,1,1,1,1,2,2,4,6,16,22,27,33,38,45,53,62,65,73,81,104,124,135,143,158,165,176,194,210,227,249,263,276,280,289,301,312,323,327,330,337,343,350,358,364,375,378,378,388,390,392,397,397,397
E09000020,Kensington and Chelsea,Greater London,0,0,0,0,0,0,0,0,0,0,0,0,0,0,0,0,0,0,0,0,0,0,0,0,0,0,0,0,0,0,0,0,0,0,1,2,2,2,6,6,10,16,16,17,19,23,33,43,49,52,55,56,62,69,77,82,87,92,98,106,113,127,149,169,178,187,209,227,243,263,278,285,291,302,321,341,359,370,374,377,384,390,394,403,411,417,417,423,429,445,450,450,451
E09000021,Kingston upon Thames,Greater London,0,0,0,0,0,0,0,0,0,0,0,0,0,0,0,0,0,0,0,0,0,0,0,0,0,0,0,0,0,0,0,0,0,0,0,0,1,1,1,1,1,1,1,1,2,2,2,3,4,5,8,10,15,21,23,29,35,36,37,48,64,77,91,102,108,121,140,152,161,177,197,208,217,230,248,269,288,298,302,311,322,338,351,370,379,392,394,403,412,419,424,424,424
E09000022,Lambeth,Greater London,0,0,0,0,0,0,0,0,0,0,0,0,0,0,0,0,0,0,0,0,0,0,0,0,0,0,0,0,0,0,0,0,0,0,0,0,0,0,0,1,2,2,3,5,5,7,15,29,33,44,54,67,83,104,121,143,174,192,225,253,279,315,358,393,430,457,509,549,598,639,678,709,726,767,807,839,869,885,930,946,962,973,996,1014,1024,1035,1046,1060,1067,1079,1097,1101,1101
E09000023,Lewisham,Greater London,0,0,0,0,0,0,0,0,0,0,0,0,0,0,0,0,0,0,1,1,1,1,1,1,1,1,1,1,1,1,1,1,1,1,1,1,1,1,1,1,2,2,2,3,3,3,4,9,18,21,23,29,40,48,57,73,95,103,122,149,164,188,213,247,268,293,320,358,393,446,492,520,548,592,621,644,676,684,698,710,738,753,772,787,814,820,826,834,866,870,874,878,878
E09000024,Merton,Greater London,0,0,0,0,0,0,0,0,0,0,0,0,0,0,0,0,0,0,0,0,0,0,0,0,0,0,0,0,0,0,0,0,0,0,0,0,0,1,1,1,1,1,3,3,3,4,10,17,20,27,33,34,40,50,63,74,83,90,98,113,136,159,173,197,211,224,247,275,302,335,358,372,389,426,443,457,479,491,509,518,538,550,560,574,590,596,602,613,622,624,628,628,628
E09000025,Newham,Greater London,0,0,0,0,0,0,0,0,0,0,0,0,0,0,0,0,0,0,0,0,0,0,0,0,0,0,0,0,0,0,0,0,0,0,0,0,0,0,0,0,0,0,0,0,0,1,2,5,7,10,14,21,30,35,47,53,67,73,86,112,124,157,195,233,268,289,326,370,410,444,501,544,568,609,649,685,718,742,770,784,804,819,836,849,864,872,878,887,899,912,921,926,926
E09000026,Redbridge,Greater London,0,0,0,0,0,0,0,0,0,0,0,0,0,0,0,0,0,0,0,0,0,0,0,0,0,0,0,0,0,0,1,1,1,1,1,1,1,1,2,2,2,2,2,2,2,2,2,2,2,5,8,13,19,27,39,51,56,66,78,95,106,121,136,157,172,191,216,242,264,292,312,336,358,384,431,460,490,501,512,536,555,569,576,589,596,600,607,622,632,643,649,649,649
E09000027,Richmond upon Thames,Greater London,0,0,0,0,0,0,0,0,0,0,0,0,0,0,0,0,0,0,0,0,0,0,0,0,0,0,0,0,0,0,0,0,0,0,0,0,0,0,0,0,0,0,2,2,2,2,2,3,4,7,7,9,13,18,23,27,36,38,47,63,76,91,103,122,133,148,160,176,191,199,214,222,229,240,254,263,272,280,286,294,299,307,315,326,331,334,343,348,350,352,353,353,353
E09000028,Southwark,Greater London,0,0,0,0,0,0,0,0,0,0,0,0,0,0,0,0,0,0,0,0,0,0,0,0,0,0,0,0,0,0,0,0,2,2,2,3,3,3,4,4,5,6,8,9,11,18,24,35,45,53,63,75,91,110,130,145,168,181,209,253,284,313,345,393,425,459,511,545,601,641,689,726,751,790,837,878,919,949,976,987,1009,1030,1052,1072,1087,1104,1108,1118,1135,1139,1149,1150,1150
E09000029,Sutton,Greater London,0,0,0,0,0,0,0,0,0,0,0,0,0,0,0,0,0,0,0,0,0,0,0,0,0,0,0,0,0,0,0,0,0,0,0,0,0,0,0,0,1,1,2,3,3,4,6,6,8,12,14,14,17,21,26,29,39,44,53,78,95,107,120,141,158,169,192,211,248,277,297,303,313,337,366,395,417,431,451,456,510,535,561,579,594,597,604,614,623,635,640,640,640
E09000030,Tower Hamlets,Greater London,0,0,0,0,0,0,0,0,0,0,0,0,0,0,0,0,0,0,0,0,0,0,0,0,0,0,0,0,0,0,0,0,0,0,0,0,0,0,0,0,2,3,4,5,6,8,10,11,16,19,22,25,28,34,45,55,66,74,78,89,106,133,167,189,201,221,236,261,285,311,345,365,384,409,426,448,463,478,491,505,519,526,538,548,550,554,560,569,577,582,586,586,586
E09000031,Waltham Forest,Greater London,0,0,0,0,0,0,0,0,0,0,0,0,0,0,0,0,0,0,0,0,0,0,0,0,0,0,0,0,0,0,0,0,0,0,0,0,0,0,0,0,0,1,2,2,2,3,3,5,6,8,11,15,17,22,33,42,55,67,70,91,102,126,160,187,208,232,256,292,317,344,374,395,421,446,466,487,512,528,543,561,580,596,621,628,634,647,658,671,678,683,690,697,697
E09000032,Wandsworth,Greater London,0,0,0,0,0,0,0,0,0,0,0,0,0,0,0,0,0,0,0,0,0,0,0,0,0,0,0,0,0,0,0,0,0,0,0,0,0,1,2,3,3,3,3,3,5,7,16,26,38,42,53,65,78,98,113,130,153,169,185,212,240,284,316,346,366,389,415,456,493,531,558,584,601,635,661,687,711,741,755,761,775,793,812,831,849,860,864,873,879,883,888,889,889
E09000033,Westminster,Greater London,0,0,0,0,0,0,0,0,0,0,0,0,0,0,0,0,0,0,0,0,0,0,0,0,0,0,0,0,0,0,0,0,0,0,0,0,0,1,1,2,3,4,9,11,12,18,24,38,52,60,70,75,89,99,108,117,132,145,157,179,194,217,237,250,270,287,313,325,343,360,387,403,420,431,446,460,479,488,499,507,517,528,543,553,559,562,565,568,571,572,576,578,578
E10000002,Buckinghamshire,Buckinghamshire,0,0,0,0,0,0,0,0,0,0,0,0,0,0,0,0,0,0,0,0,0,0,0,0,0,0,0,0,0,0,0,0,0,0,0,0,0,1,1,1,2,2,3,4,5,7,14,18,28,34,37,39,48,54,60,66,73,84,96,104,113,136,146,163,184,195,224,247,266,298,322,343,356,382,419,451,473,499,518,525,546,567,592,620,649,667,683,695,712,733,744,745,745
E10000003,Cambridgeshire,Cambridgeshire,0,0,0,0,0,0,0,0,0,0,0,0,0,0,0,0,0,0,0,0,0,0,0,0,0,0,0,0,0,0,0,0,0,0,0,0,0,0,0,1,1,2,2,2,2,2,5,6,10,14,14,16,17,18,27,34,43,52,57,71,88,105,117,135,144,156,181,201,214,236,253,272,298,317,343,370,400,424,438,451,464,484,498,528,554,562,578,599,623,647,653,654,654
E10000006,Cumbria,Cumbria,0,0,0,0,0,0,0,0,0,0,0,0,0,0,0,0,0,0,0,0,0,0,0,0,0,0,0,0,0,0,0,0,0,0,0,0,0,0,0,2,2,4,4,5,8,9,9,12,18,25,31,32,44,56,79,105,117,140,156,183,228,275,325,379,407,456,490,558,632,699,743,795,874,971,1043,1130,1199,1233,1258,1292,1344,1396,1432,1469,1500,1523,1542,1580,1623,1661,1685,1697,1697
E10000007,Derbyshire,Derbyshire,0,0,0,0,0,0,0,0,0,0,0,0,0,0,0,0,0,0,0,0,0,0,0,0,0,0,0,0,0,0,0,0,1,1,1,1,1,1,3,4,6,6,7,7,8,11,13,19,21,29,35,45,62,71,82,90,101,121,143,175,196,216,236,264,301,328,367,418,469,495,530,563,571,596,631,674,710,736,759,780,809,840,871,899,937,944,971,994,1032,1046,1056,1062,1063
E10000008,Devon,Devon,0,0,0,0,0,0,0,0,0,0,2,2,2,2,2,2,2,2,2,2,2,2,2,2,2,2,2,2,2,2,2,2,2,2,2,2,2,2,5,11,14,15,19,19,20,20,21,22,24,30,32,35,39,41,44,44,47,48,52,57,63,78,93,105,118,128,137,152,177,200,219,252,272,286,311,323,344,372,388,419,443,468,493,513,544,558,565,583,597,605,629,641,643
E10000011,East Sussex,East Sussex,0,0,0,0,0,0,0,0,0,0,0,0,0,0,0,0,0,0,0,0,0,0,0,0,0,0,0,0,0,0,0,0,0,0,0,0,0,0,0,0,0,0,0,0,0,0,0,3,5,6,6,6,7,13,16,20,24,28,32,36,45,56,70,83,91,103,117,144,165,182,194,215,227,246,274,292,319,337,349,361,374,387,404,418,438,452,458,468,482,490,496,500,504
E10000012,Essex,Essex,0,0,0,0,0,0,0,0,0,0,0,0,0,0,0,0,0,0,0,0,0,0,0,0,0,0,0,0,0,0,0,0,0,0,0,1,1,1,1,2,4,4,5,5,5,6,8,11,18,29,33,39,44,54,63,73,88,107,137,188,225,293,355,425,482,536,612,699,807,907,1000,1084,1138,1238,1329,1420,1483,1540,1601,1647,1729,1779,1841,1895,1940,1980,2008,2077,2154,2211,2240,2244,2244
E10000013,Gloucestershire,Gloucestershire,0,0,0,0,0,0,0,0,0,0,0,0,0,0,0,0,0,0,0,0,0,0,0,0,0,0,0,0,0,0,0,0,0,1,1,1,1,2,2,2,3,3,3,3,4,5,5,7,9,12,12,15,19,24,32,34,41,50,58,65,79,103,118,137,160,177,210,240,274,305,335,379,410,446,500,558,599,662,694,732,772,799,841,898,924,956,985,1006,1040,1063,1091,1098,1098
E10000014,Hampshire,Hampshire,0,0,0,0,0,0,0,0,0,0,0,0,0,0,0,0,0,0,0,0,0,0,0,0,0,0,0,0,0,0,0,0,0,0,1,1,1,1,1,1,2,3,9,9,10,17,19,28,52,67,72,83,102,117,134,159,189,212,247,296,330,373,429,487,566,615,700,778,849,936,1025,1098,1172,1274,1389,1475,1548,1631,1683,1754,1833,1897,1991,2067,2153,2213,2263,2345,2410,2471,2526,2568,2577
E10000015,Hertfordshire,Hertfordshire,0,0,0,0,0,0,0,0,0,0,1,1,1,1,1,1,1,1,1,1,1,1,1,1,1,1,1,1,1,1,1,1,1,1,1,1,1,4,4,9,11,11,15,17,19,21,26,32,34,43,47,62,68,73,97,120,141,161,174,232,277,333,382,434,479,542,628,705,789,891,968,1021,1083,1174,1252,1337,1415,1491,1546,1597,1654,1715,1768,1825,1872,1911,1944,1989,2042,2080,2097,2101,2101
E10000016,Kent,Kent,0,0,0,0,0,0,0,1,1,1,2,2,2,2,2,2,2,2,2,2,2,2,2,2,2,2,2,2,2,2,2,2,2,2,2,2,2,2,2,3,3,5,6,6,7,9,13,16,22,29,34,39,47,52,64,78,94,101,122,169,206,260,315,373,422,481,543,636,747,829,921,988,1060,1202,1322,1425,1541,1667,1726,1843,1961,2028,2204,2371,2553,2656,2724,2839,2966,3083,3154,3181,3185
E10000017,Lancashire,Lancashire,0,0,0,0,0,0,0,0,0,0,0,0,0,0,0,0,0,0,0,0,0,0,0,0,0,0,0,0,0,0,0,0,0,0,0,0,0,2,2,2,2,4,4,4,4,5,5,7,12,15,15,17,24,28,38,52,60,69,85,120,161,199,262,306,348,384,481,568,659,753,865,955,1049,1162,1267,1364,1467,1538,1628,1689,1770,1857,1935,2025,2106,2181,2229,2303,2380,2464,2514,2517,2517
E10000018,Leicestershire,Leicestershire,0,0,0,0,0,0,0,0,0,0,0,0,0,0,0,0,0,0,0,0,0,0,0,0,0,0,0,0,0,0,0,0,0,0,1,1,1,2,2,2,2,3,4,4,4,7,7,11,13,15,16,18,20,24,36,52,58,67,92,110,131,144,160,175,190,194,208,252,297,316,342,362,393,424,444,462,496,523,546,558,571,593,620,666,700,716,736,766,796,817,830,835,836
E10000019,Lincolnshire,Lincolnshire,0,0,0,0,0,0,0,0,0,0,0,0,0,0,0,0,0,0,0,0,0,0,0,0,0,0,0,0,0,0,0,0,0,0,0,0,0,0,0,2,2,2,2,2,2,3,7,9,12,12,12,14,14,16,21,24,29,33,35,43,56,67,90,107,129,144,172,198,231,245,282,301,322,359,388,403,425,454,477,501,523,554,579,614,636,650,677,703,720,740,758,759,759
E10000020,Norfolk,Norfolk,0,0,0,0,0,0,0,0,0,0,0,0,0,0,0,0,0,0,0,0,0,0,0,0,0,0,0,0,0,0,0,0,0,0,0,0,0,0,0,0,0,0,0,0,0,0,1,2,3,9,10,11,17,23,32,35,38,44,50,62,76,88,114,134,157,178,205,230,252,279,322,351,387,434,485,542,595,643,695,735,789,845,900,947,1002,1042,1096,1137,1180,1249,1288,1315,1315
E10000021,Northamptonshire,Northamptonshire,0,0,0,0,0,0,0,0,0,0,0,0,0,0,0,0,0,0,0,0,0,0,0,0,0,0,0,0,0,0,0,0,0,0,0,0,1,1,1,2,2,3,5,6,6,8,8,12,15,17,19,20,21,25,25,35,45,52,65,82,98,128,149,169,188,211,264,312,366,417,473,515,549,592,616,649,682,709,742,761,779,812,841,868,883,908,939,954,964,973,983,984,984
E10000023,North Yorkshire,North Yorkshire,0,0,0,0,0,0,0,0,0,0,0,0,0,0,0,0,0,0,0,0,0,0,0,0,0,0,0,0,0,0,0,0,0,0,0,0,0,0,0,1,1,1,2,2,2,3,5,5,8,10,11,11,14,16,19,22,30,41,43,56,65,77,89,107,120,134,165,184,216,235,267,294,316,346,378,407,433,457,481,508,535,550,586,610,631,649,664,704,732,754,781,801,803
E10000024,Nottinghamshire,Nottinghamshire,0,0,0,0,0,0,0,0,0,0,0,0,0,0,0,0,0,0,0,0,0,0,0,0,0,0,0,0,1,1,1,1,1,1,1,1,1,1,1,4,4,4,6,8,8,8,9,15,19,23,31,36,41,44,54,63,72,82,89,97,114,131,167,198,228,259,294,334,368,408,448,475,495,525,561,594,646,664,687,715,742,787,816,851,892,905,916,940,953,968,997,1008,1008
E10000025,Oxfordshire,Oxfordshire,0,0,0,0,0,0,0,0,0,0,0,0,0,0,0,0,0,0,0,0,0,0,0,0,0,0,0,0,0,0,0,0,0,0,0,0,0,0,1,4,4,4,7,8,9,12,18,23,24,27,27,32,35,44,51,64,70,76,84,106,128,143,169,197,219,240,279,330,372,442,512,551,600,650,722,785,845,915,946,985,1038,1089,1127,1175,1222,1256,1286,1321,1345,1379,1410,1413,1413
E10000027,Somerset,Somerset,0,0,0,0,0,0,0,0,0,0,0,0,0,0,0,0,0,0,0,0,0,0,0,0,0,0,0,0,0,0,0,0,0,0,0,0,0,0,0,0,0,0,1,1,1,1,3,5,8,11,13,14,14,14,15,16,19,22,24,28,32,37,44,52,57,61,70,78,86,105,120,126,135,151,161,176,189,205,223,234,248,265,283,314,348,361,369,391,410,426,435,441,441
E10000028,Staffordshire,Staffordshire,0,0,0,0,0,0,0,0,0,0,0,0,0,0,0,0,0,0,0,0,0,0,0,0,0,0,0,0,0,0,0,0,0,0,0,0,0,0,1,2,3,4,4,4,4,5,6,7,10,16,20,27,35,40,51,64,79,97,111,137,158,196,234,269,292,337,378,419,473,531,578,620,652,693,750,799,856,916,955,990,1030,1081,1136,1187,1234,1281,1323,1375,1430,1484,1534,1556,1560
E10000029,Suffolk,Suffolk,0,0,0,0,0,0,0,0,0,0,0,0,0,0,0,0,0,0,0,0,0,0,0,0,0,0,0,0,0,0,0,0,0,0,0,0,0,0,0,0,0,0,0,1,1,1,3,4,7,8,10,16,17,21,25,26,30,39,46,62,72,77,95,115,121,141,164,190,219,240,270,289,320,350,377,415,442,475,502,529,547,568,604,656,687,749,780,838,859,881,888,896,896
E10000030,Surrey,Surrey,0,0,0,0,0,0,0,0,0,0,0,0,0,0,0,0,0,0,0,0,0,0,0,0,0,0,0,0,0,0,0,0,1,1,1,2,2,2,2,4,4,4,6,6,8,11,16,21,37,42,51,60,73,92,126,148,174,198,234,284,325,379,434,490,546,595,695,759,851,921,985,1054,1120,1206,1323,1403,1467,1549,1614,1668,1763,1848,1959,2031,2093,2140,2172,2234,2304,2350,2377,2381,2381
E10000031,Warwickshire,Warwickshire,0,0,0,0,0,0,0,0,0,0,0,0,0,0,0,0,0,0,0,0,0,0,0,0,0,0,0,0,0,0,1,1,1,1,1,1,1,1,3,3,5,7,7,7,7,8,11,13,17,20,21,24,32,36,51,59,71,80,87,115,135,149,177,195,221,247,287,307,336,387,427,462,486,523,560,592,632,662,696,718,746,766,793,831,857,899,930,957,980,1013,1031,1031,1031
E10000032,West Sussex,West Sussex,0,0,0,0,0,0,0,0,0,0,0,0,0,0,0,0,0,0,0,0,0,0,0,0,0,0,0,0,0,0,0,1,1,1,1,1,1,3,3,3,3,3,3,3,3,5,5,7,8,11,17,18,21,30,39,48,56,66,75,89,109,132,152,171,188,204,236,268,293,314,366,399,426,476,531,570,608,634,661,690,722,755,789,838,879,906,924,948,974,991,1015,1019,1019
E10000034,Worcestershire,Worcestershire,0,0,0,0,0,0,0,0,0,0,0,0,0,0,0,0,0,0,0,1,1,1,1,1,1,1,1,1,1,1,1,1,1,1,1,1,1,1,1,1,1,1,1,1,1,3,6,10,14,14,15,19,22,28,33,42,56,69,78,92,109,131,154,176,211,239,284,321,355,386,422,438,462,498,541,582,621,652,689,711,736,784,826,861,911,944,959,990,1011,1028,1035,1035,1035
W06000019,Blaenau Gwent,Aneurin Bevan University Health Board,0,0,0,0,0,0,0,0,0,0,0,0,0,0,0,0,0,0,0,0,0,0,0,0,0,0,0,0,0,0,0,0,0,0,0,0,0,0,0,0,0,0,0,0,0,0,0,0,0,0,0,3,5,5,12,13,15,23,25,28,31,35,40,46,51,54,59,68,83,89,97,106,118,122,138,143,158,165,170,180,182,190,199,209,219,229,238,240,247,247,251,253,253
W06000013,Bridgend,Cwm Taf Morgannwg University Health Board,0,0,0,0,0,0,0,0,0,0,0,0,0,0,0,0,0,0,0,0,0,0,0,0,0,0,0,0,0,0,0,0,0,0,0,0,0,0,0,0,0,0,0,0,0,0,0,0,0,0,0,0,0,0,3,3,3,7,11,13,18,26,32,35,40,44,49,54,64,80,99,116,127,139,149,171,186,202,209,222,239,248,269,288,300,315,319,321,329,345,367,371,371
W06000018,Caerphilly,Aneurin Bevan University Health Board,0,0,0,0,0,0,0,0,0,0,0,0,0,0,0,0,0,0,0,0,0,0,0,0,0,0,0,0,0,0,0,0,0,0,0,0,0,0,0,0,0,0,0,0,0,0,0,0,0,0,1,2,4,8,33,36,42,46,55,66,75,84,105,114,130,142,155,183,204,226,251,270,290,297,320,337,360,380,394,406,419,425,437,449,473,485,508,509,526,541,549,558,558
W06000015,Cardiff,Cardiff and Vale University Health Board,0,0,0,0,0,0,0,0,0,0,0,0,1,1,1,1,1,1,1,1,1,1,1,1,1,1,1,1,1,1,1,1,1,1,1,1,1,1,2,2,2,2,2,2,2,2,2,2,2,2,2,2,2,2,34,40,53,64,77,88,113,132,161,196,229,268,297,352,411,482,566,629,675,704,781,856,920,999,1046,1090,1130,1176,1236,1281,1331,1373,1411,1441,1485,1520,1553,1583,1584
W06000010,Carmarthenshire,Hywel Dda University Health Board,0,0,0,0,0,0,0,0,0,0,0,0,0,0,0,0,0,0,0,0,0,0,0,0,0,0,0,0,0,1,1,2,2,2,2,2,2,2,2,2,2,2,2,2,2,2,2,2,2,2,2,2,2,2,10,12,13,15,18,20,29,34,37,46,52,59,67,83,104,117,126,141,157,183,199,216,238,250,264,277,288,307,320,336,353,381,391,407,418,425,431,432,432
W06000008,Ceredigion,Hywel Dda University Health Board,0,0,0,0,0,0,0,0,0,0,0,0,0,0,0,0,0,0,0,0,0,0,0,0,0,0,0,0,0,0,0,0,0,0,0,0,0,0,0,0,0,0,0,0,0,0,0,0,0,0,0,0,0,0,1,1,1,1,4,6,6,7,9,11,12,13,13,13,16,18,20,21,23,24,25,26,26,26,28,29,31,31,31,32,33,33,33,34,35,35,35,35,35
W06000003,Conwy,Betsi Cadwaladr University Health Board,0,0,0,0,0,0,0,0,0,0,0,0,0,0,0,0,0,0,0,0,0,0,0,0,0,0,0,0,0,0,0,0,0,0,0,0,0,0,0,0,0,0,0,0,0,0,0,0,0,0,0,0,0,0,1,1,1,1,1,1,2,3,6,7,7,9,10,11,14,15,19,21,24,26,33,38,45,53,56,66,76,81,88,102,108,121,131,141,164,176,184,184,184
W06000004,Denbighshire,Betsi Cadwaladr University Health Board,0,0,0,0,0,0,0,0,0,0,0,0,0,0,0,0,0,0,0,0,0,0,0,0,0,0,0,0,0,0,0,0,0,0,0,0,0,0,0,0,0,0,0,0,0,0,0,0,0,0,0,0,0,0,0,0,0,0,1,2,3,3,7,9,12,14,15,22,22,28,35,45,45,49,61,76,85,96,110,114,126,133,148,156,165,179,192,198,213,216,221,221,221
W06000005,Flintshire,Betsi Cadwaladr University Health Board,0,0,0,0,0,0,0,0,0,0,0,0,0,0,0,0,0,0,0,0,0,0,0,0,0,0,0,0,0,0,0,0,0,0,0,0,0,0,0,0,0,0,0,0,0,0,0,0,0,0,0,0,0,0,1,1,1,1,3,4,4,6,10,15,18,19,21,31,39,46,54,60,66,68,77,91,101,110,117,126,131,134,146,155,164,174,179,181,195,205,209,209,209
W06000002,Gwynedd,Betsi Cadwaladr University Health Board,0,0,0,0,0,0,0,0,0,0,0,0,0,0,0,0,0,0,0,0,0,0,0,0,0,0,0,0,0,0,0,0,0,0,0,0,0,0,0,0,0,0,0,0,0,0,0,0,0,0,0,0,0,0,1,3,4,4,4,4,4,6,8,10,11,14,15,16,18,18,19,25,29,29,35,42,47,61,67,76,83,110,122,128,140,147,164,170,180,186,189,189,189
W06000001,Isle of Anglesey,Betsi Cadwaladr University Health Board,0,0,0,0,0,0,0,0,0,0,0,0,0,0,0,0,0,0,0,0,0,0,0,0,0,0,0,0,0,0,0,0,0,0,0,0,0,0,0,0,0,0,0,0,0,0,0,0,0,0,0,0,0,0,2,2,2,2,2,2,2,2,2,2,2,2,2,8,11,11,12,13,15,15,18,20,22,27,27,30,32,36,40,44,45,49,51,55,58,60,66,66,66
W06000024,Merthyr Tydfil,Cwm Taf Morgannwg University Health Board,0,0,0,0,0,0,0,0,0,0,0,0,0,0,0,0,0,0,0,0,0,0,0,0,0,0,0,0,0,0,0,0,0,0,0,0,0,0,0,0,0,0,0,0,0,0,0,0,0,0,0,0,0,0,2,2,2,2,3,3,4,6,12,17,22,24,29,38,41,51,57,64,67,75,87,100,110,119,123,127,134,136,142,160,175,189,194,197,204,215,222,225,225
W06000021,Monmouthshire,Aneurin Bevan University Health Board,0,0,0,0,0,0,0,0,0,0,0,0,0,0,0,0,0,0,0,0,0,0,0,0,0,0,0,0,0,0,0,0,0,0,0,0,0,0,0,0,0,0,0,0,0,0,0,0,0,0,0,0,0,0,16,19,28,32,37,41,50,53,60,65,68,75,80,91,94,100,106,113,123,129,139,144,157,171,179,182,185,191,196,202,208,213,215,219,221,224,228,229,229
W06000012,Neath Port Talbot,Swansea Bay University Health Board,0,0,0,0,0,0,0,0,0,0,0,0,0,0,0,0,0,0,0,0,0,0,0,0,0,0,0,0,0,0,0,0,0,0,0,0,0,0,0,0,0,0,0,0,0,0,0,0,0,0,0,0,0,0,13,14,15,17,20,23,24,25,26,32,46,52,58,80,94,102,115,132,148,168,177,200,219,233,256,265,282,298,313,338,363,382,396,406,422,433,448,454,454
W06000022,Newport,Aneurin Bevan University Health Board,0,0,0,0,0,0,0,0,0,0,0,0,0,0,0,0,0,0,0,0,0,0,0,0,0,0,0,0,0,0,0,0,0,0,0,0,0,0,0,0,0,0,0,0,0,0,0,0,0,0,0,0,1,6,46,49,57,75,91,106,132,154,191,215,230,255,277,309,336,370,398,420,436,440,455,478,503,520,538,548,555,564,577,586,597,607,616,620,630,646,654,656,656
W06000009,Pembrokeshire,Hywel Dda University Health Board,0,0,0,0,0,0,0,0,0,0,0,0,0,0,0,0,0,0,0,0,0,0,0,0,0,0,0,0,0,0,0,0,0,0,0,0,0,0,0,0,0,0,0,0,0,0,0,0,0,0,0,0,0,0,2,2,2,2,4,6,9,9,13,16,19,21,22,27,31,34,40,49,53,63,76,82,86,99,114,128,129,132,137,146,153,162,165,167,175,182,190,194,194
W06000023,Powys,Powys Teaching Health Board,0,0,0,0,0,0,0,0,0,0,0,0,0,0,0,0,0,0,0,0,0,0,0,0,0,0,0,0,0,0,0,1,1,1,1,1,1,1,1,1,1,1,1,1,1,1,1,1,1,2,2,2,2,2,10,10,10,12,12,12,14,16,18,20,21,22,25,35,39,45,47,48,55,60,65,69,73,84,92,95,97,107,115,121,123,126,140,143,146,152,153,153,154
W06000016,Rhondda Cynon Taf,Cwm Taf Morgannwg University Health Board,0,0,1,1,1,1,1,1,1,1,1,1,1,1,1,1,1,1,1,1,1,1,1,1,1,1,1,1,1,1,1,1,1,1,1,1,1,1,1,2,2,2,2,2,2,2,2,2,2,2,2,2,2,2,4,4,5,11,12,17,23,34,47,64,101,115,131,168,195,235,273,315,347,369,407,450,499,541,573,607,628,659,687,733,790,833,855,878,912,941,982,989,989
W06000011,Swansea,Swansea Bay University Health Board,0,0,0,0,0,0,0,0,0,0,0,0,0,0,0,0,0,0,0,0,0,0,0,0,0,0,0,0,0,0,0,0,0,0,0,0,0,0,0,0,0,0,0,0,0,0,0,0,0,2,2,2,3,3,20,22,26,30,32,37,46,59,69,78,93,101,113,142,159,184,211,254,292,320,366,405,458,506,548,570,611,646,673,720,763,800,826,853,868,900,929,947,947
W06000020,Torfaen,Aneurin Bevan University Health Board,0,0,0,0,0,0,0,0,0,0,0,0,0,0,0,0,0,0,0,0,0,0,0,0,0,0,0,0,0,0,0,0,0,0,0,0,0,0,0,0,0,0,0,0,0,0,0,0,0,0,0,0,0,1,6,9,16,21,23,28,42,49,58,67,75,81,90,110,117,133,146,156,166,174,196,201,213,219,227,232,232,234,242,254,265,270,275,277,280,284,285,287,287
W06000014,Vale of Glamorgan,Cardiff and Vale University Health Board,0,0,0,0,0,0,0,0,0,0,0,0,0,0,0,0,0,0,0,0,0,0,0,0,0,0,0,0,0,0,0,0,0,0,0,0,0,0,0,0,0,0,0,0,0,0,0,0,0,0,0,0,0,0,1,3,5,6,11,12,17,34,44,61,70,88,99,117,131,149,168,181,197,216,243,265,279,305,322,330,346,358,377,395,407,418,425,439,451,465,471,479,480
W06000006,Wrexham,Betsi Cadwaladr University Health Board,0,0,0,0,0,0,0,0,0,0,0,0,0,0,0,0,0,0,0,0,0,0,0,0,0,0,0,0,0,0,0,0,0,0,0,0,0,0,0,0,0,0,0,0,0,0,0,0,0,0,0,0,0,0,2,2,3,4,5,7,7,12,17,20,21,24,25,28,33,42,48,51,57,61,64,74,82,91,97,102,109,115,127,141,160,173,178,184,194,202,210,210,210
S08000015,Ayrshire and Arran,Ayrshire and Arran,0,0,0,0,0,0,0,0,0,0,0,0,0,0,0,0,0,0,0,0,0,0,0,0,0,0,0,0,0,0,0,0,0,0,0,0,0,0,0,0,0,0,0,0,0,0,0,0,0,6,6,6,6,9,12,16,21,25,34,41,57,74,75,90,108,154,177,199,221,240,254,267,288,296,312,362,364,376,390,390,416,457,503,536,560,586,604,623,640,653,678,692,705
S08000016,Borders,Borders,0,0,0,0,0,0,0,0,0,0,0,0,0,0,0,0,0,0,0,0,0,0,0,0,0,0,0,0,0,0,0,0,0,0,0,0,0,0,0,0,0,0,0,0,0,0,0,0,0,5,7,7,7,7,8,9,10,11,12,12,15,23,28,35,50,63,77,87,93,100,110,130,139,149,160,167,177,189,199,204,208,215,220,229,231,237,239,240,243,248,253,258,259
S08000017,Dumfries and Galloway,Dumfries and Galloway,0,0,0,0,0,0,0,0,0,0,0,0,0,0,0,0,0,0,0,0,0,0,0,0,0,0,0,0,0,0,0,0,0,0,0,0,0,0,0,0,0,0,0,0,0,0,0,0,0,0,0,0,0,0,6,10,13,16,18,26,31,39,47,60,63,74,92,100,104,122,127,141,144,152,155,163,164,179,186,192,199,207,207,209,222,229,231,231,235,235,235,237,240
S08000029,Fife,Fife,0,0,0,0,0,0,0,0,0,0,0,0,0,0,0,0,0,0,0,0,0,0,0,0,0,0,0,0,0,0,0,0,0,0,0,0,0,0,0,0,0,0,0,0,0,0,0,0,0,6,7,7,7,8,9,12,13,16,19,25,29,40,41,51,58,70,76,96,119,147,173,200,227,239,255,288,333,356,379,383,397,424,446,488,514,532,542,561,593,619,637,653,672
S08000019,Forth Valley,Forth Valley,0,0,0,0,0,0,0,0,0,0,0,0,0,0,0,0,0,0,0,0,0,0,0,0,0,0,0,0,0,0,0,0,0,0,0,0,0,0,0,0,0,0,0,0,0,0,0,6,6,6,10,10,12,15,17,23,27,30,40,43,59,75,81,94,94,103,131,146,172,189,208,226,231,243,259,280,302,324,337,352,367,380,400,431,451,509,542,562,569,604,606,655,662
S08000020,Grampian,Grampian,0,0,0,0,0,0,0,0,0,0,0,0,0,0,0,0,0,0,0,0,0,0,0,0,0,0,0,0,0,0,0,0,0,0,0,0,0,0,0,0,0,0,0,0,0,6,6,7,9,9,12,12,18,18,18,19,20,23,24,24,29,31,45,52,62,66,86,108,128,173,177,194,209,210,223,236,251,261,291,313,335,357,389,394,432,464,490,519,550,602,638,700,748
S08000031,Greater Glasgow and Clyde,Greater Glasgow and Clyde,0,0,0,0,0,0,0,0,0,0,0,0,0,0,0,0,0,0,0,0,0,0,0,0,0,0,0,0,0,0,0,0,0,0,0,0,0,0,0,0,0,0,0,0,0,0,5,10,20,31,39,44,49,57,71,91,110,130,152,183,221,258,299,376,401,449,547,632,682,779,851,931,984,1094,1166,1251,1314,1387,1449,1486,1575,1661,1742,1794,1905,1949,2020,2085,2174,2250,2311,2428,2479
S08000022,Highland,Highland,0,0,0,0,0,0,0,0,0,0,0,0,0,0,0,0,0,0,0,0,0,0,0,0,0,0,0,0,0,0,0,0,0,0,0,0,0,0,0,0,0,0,0,0,0,0,0,0,0,0,0,0,5,5,6,6,8,8,12,13,22,29,33,36,41,44,51,58,65,72,85,99,102,112,122,137,144,148,151,163,168,180,184,187,193,197,198,201,211,214,214,220,225
S08000032,Lanarkshire,Lanarkshire,0,0,0,0,0,0,0,0,0,0,0,0,0,0,0,0,0,0,0,0,0,0,0,0,0,0,0,0,0,0,0,0,0,0,0,0,0,0,0,0,0,0,0,0,0,0,0,7,7,10,16,20,21,25,33,41,49,49,58,75,87,114,140,165,184,197,244,284,320,377,427,478,512,547,575,607,662,707,758,784,822,873,911,934,995,1022,1051,1076,1118,1155,1176,1187,1231
S08000024,Lothian,Lothian,0,0,0,0,0,0,0,0,0,0,0,0,0,0,0,0,0,0,0,0,0,0,0,0,0,0,0,0,0,0,0,0,0,0,0,0,0,0,0,0,0,0,0,0,5,7,8,11,19,25,28,29,30,33,35,40,44,46,59,70,88,111,139,151,188,208,269,311,356,408,476,534,577,621,700,747,799,856,915,932,989,1040,1107,1172,1239,1344,1399,1426,1515,1604,1684,1730,1785
S08000025,Orkney,Orkney,0,0,0,0,0,0,0,0,0,0,0,0,0,0,0,0,0,0,0,0,0,0,0,0,0,0,0,0,0,0,0,0,0,0,0,0,0,0,0,0,0,0,0,0,0,0,0,0,0,0,0,0,0,0,0,0,0,0,0,0,0,0,0,0,0,0,0,0,0,0,0,0,0,0,0,0,0,5,5,5,5,5,5,5,5,5,6,6,6,6,6,7,7
S08000026,Shetland,Shetland,0,0,0,0,0,0,0,0,0,0,0,0,0,0,0,0,0,0,0,0,0,0,0,0,0,0,0,0,0,0,0,0,0,0,0,0,0,0,0,0,0,0,0,0,0,0,0,6,8,13,13,15,15,16,24,24,24,24,24,24,24,24,24,27,27,27,29,30,30,36,40,41,41,42,43,43,43,43,43,45,45,45,45,45,45,51,51,52,54,54,54,54,54
S08000030,Tayside,Tayside,0,0,0,0,0,0,0,0,0,0,0,0,0,0,0,0,0,0,0,0,0,0,0,0,0,0,0,0,0,0,0,0,0,0,0,0,0,0,0,0,0,0,0,0,0,0,0,0,0,11,15,17,20,24,27,31,34,38,47,48,57,76,107,127,141,177,214,254,307,353,410,457,499,516,586,667,712,753,803,812,826,898,937,979,1022,1056,1071,1084,1124,1159,1199,1224,1251
S08000028,Western Isles,Western Isles,0,0,0,0,0,0,0,0,0,0,0,0,0,0,0,0,0,0,0,0,0,0,0,0,0,0,0,0,0,0,0,0,0,0,0,0,0,0,0,0,0,0,0,0,0,0,0,0,0,0,0,0,0,0,0,0,0,0,0,0,0,0,0,0,0,0,0,0,0,0,0,0,0,0,0,0,0,6,6,6,6,6,6,6,6,6,6,6,6,6,6,6,6
N09000001,Antrim and Newtownabbey,Antrim and Newtownabbey,,,,,,,,,,,,,,,,,,,,,,,,,,,,,,,,,,,,,,,,,,,,,,,,,,,,,,,,,,,,,,17,18,,,34,36,47,51,59,,,70,78,81,89,117,,,,,149,156,174,,,207,,,,,,
N09000011,Ards and North Down,Ards and North Down,,,,,,,,,,,,,,,,,,,,,,,,,,,,,,,,,,,,,,,,,,,,,,,,,,,,,,,,,,,,,,22,25,,,52,61,67,75,81,,,102,105,110,120,129,,,,,154,157,161,,,181,,,,,,
N09000002,"Armagh City, Banbridge and Craigavon","Armagh City, Banbridge and Craigavon",,,,,,,,,,,,,,,,,,,,,,,,,,,,,,,,,,,,,,,,,,,,,,,,,,,,,,,,,,,,,,22,29,,,53,62,70,79,91,,,109,120,135,142,157,,,,,220,246,269,,,266,,,,,,
N09000003,Belfast,Belfast,,,,,,,,,,,,,,,,,,,,,,,,,,,,,,,,,,,,,,,,,,,,,,,,,,,,,,,,,,,,,,75,86,,,160,166,200,226,272,,,377,396,429,482,514,,,,,649,689,719,,,854,,,,,,
N09000004,Causeway Coast and Glens,Causeway Coast and Glens,,,,,,,,,,,,,,,,,,,,,,,,,,,,,,,,,,,,,,,,,,,,,,,,,,,,,,,,,,,,,,5,5,,,11,16,18,19,21,,,26,32,35,43,63,,,,,98,103,116,,,107,,,,,,
N09000005,Derry City and Strabane,Derry City and Strabane,,,,,,,,,,,,,,,,,,,,,,,,,,,,,,,,,,,,,,,,,,,,,,,,,,,,,,,,,,,,,,8,9,,,23,24,29,30,35,,,51,52,52,52,77,,,,,133,144,146,,,124,,,,,,
N09000006,Fermanagh and Omagh,Fermanagh and Omagh,,,,,,,,,,,,,,,,,,,,,,,,,,,,,,,,,,,,,,,,,,,,,,,,,,,,,,,,,,,,,,15,17,,,27,29,32,37,40,,,42,43,43,43,52,,,,,61,61,61,,,59,,,,,,
N09000007,Lisburn and Castlereagh,Lisburn and Castlereagh,,,,,,,,,,,,,,,,,,,,,,,,,,,,,,,,,,,,,,,,,,,,,,,,,,,,,,,,,,,,,,33,39,,,66,70,81,97,109,,,130,143,150,164,181,,,,,221,232,241,,,278,,,,,,
N09000008,Mid and East Antrim,Mid and East Antrim,,,,,,,,,,,,,,,,,,,,,,,,,,,,,,,,,,,,,,,,,,,,,,,,,,,,,,,,,,,,,,16,16,,,28,32,36,37,46,,,59,69,70,80,102,,,,,136,144,160,,,171,,,,,,
N09000009,Mid Ulster,Mid Ulster,,,,,,,,,,,,,,,,,,,,,,,,,,,,,,,,,,,,,,,,,,,,,,,,,,,,,,,,,,,,,,8,8,,,16,17,19,21,23,,,33,42,47,53,73,,,,,106,111,119,,,111,,,,,,
N09000010,"Newry, Mourne and Down","Newry, Mourne and Down",,,,,,,,,,,,,,,,,,,,,,,,,,,,,,,,,,,,,,,,,,,,,,,,,,,,,,,,,,,,,,13,16,,,41,44,51,55,61,,,76,80,82,92,102,,,,,127,132,140,,,148,,,,,,
N92000002,Northern Ireland,Northern Ireland,0,0,0,0,0,0,0,0,0,0,0,0,0,0,0,0,0,0,0,0,0,0,0,0,0,0,0,0,0,0,0,0,0,1,1,1,1,1,1,3,3,3,7,12,12,16,18,20,29,34,45,52,62,68,77,86,108,128,148,172,209,241,275,324,410,533,586,689,774,904,998,1089,1158,1255,1339,1477,1589,1717,1806,1882,1967,2088,2201,2338,2486,2645,2728,,2874,3016,3122,3226,3308