,Area name,Area code,2020-01-25,2020-01-26,2020-01-27,2020-01-28,2020-01-29,2020-01-30,2020-01-31,2020-02-01,2020-02-02,2020-02-03,2020-02-04,2020-02-05,2020-02-06,2020-02-07,2020-02-08,2020-02-09,2020-02-10,2020-02-11,2020-02-12,2020-02-13,2020-02-14,2020-02-15,2020-02-16,2020-02-17,2020-02-18,2020-02-19,2020-02-20,2020-02-21,2020-02-22,2020-02-23,2020-02-24,2020-02-25,2020-02-26,2020-02-27,2020-02-28,2020-02-29,2020-03-01,2020-03-02,2020-03-03,2020-03-04,2020-03-05,2020-03-06,2020-03-07,2020-03-08,2020-03-09,2020-03-10,2020-03-11,2020-03-12,2020-03-13,2020-03-14,2020-03-15,2020-03-16,2020-03-17,2020-03-18,2020-03-19,2020-03-20,2020-03-21,2020-03-22,2020-03-23,2020-03-24,2020-03-25,2020-03-26,2020-03-27,2020-03-28,2020-03-29,2020-03-30,2020-03-31,2020-04-01,2020-04-02,2020-04-03,2020-04-04,2020-04-05,2020-04-06,2020-04-07,2020-04-08,2020-04-09,2020-04-10,2020-04-11,2020-04-12,2020-04-13,2020-04-14,2020-04-15,2020-04-16,2020-04-17,2020-04-18,2020-04-19,2020-04-20,2020-04-21,2020-04-22,2020-04-23
0,Hartlepool,E06000001,0.0,0.0,0.0,0.0,0.0,0.0,0.0,0.0,0.0,0.0,0.0,0.0,0.0,0.0,0.0,0.0,0.0,0.0,0.0,0.0,0.0,0.0,0.0,0.0,0.0,0.0,0.0,0.0,0.0,0.0,0.0,0.0,0.0,0.0,0.0,0.0,0.0,0.0,0.0,0.0,0.0,0.0,0.0,0.0,0.0,0.0,0.0,0.0,0.0,0.0,0.0,0.0,1.0,1.0,2.0,2.0,3.0,3.0,3.0,3.0,3.0,5.0,6.0,8.0,11.0,12.0,17.0,20.0,23.0,25.0,30.0,36.0,39.0,48.0,59.0,65.0,72.0,74.0,78.0,83.0,85.0,88.0,90.0,93.0,93.0,103.0,107.0,112.0,113.0,113.0
1,Middlesbrough,E06000002,0.0,0.0,0.0,0.0,0.0,0.0,0.0,0.0,0.0,0.0,0.0,0.0,0.0,0.0,0.0,0.0,0.0,0.0,0.0,0.0,0.0,0.0,0.0,0.0,0.0,0.0,0.0,0.0,0.0,0.0,0.0,0.0,0.0,0.0,0.0,0.0,0.0,0.0,0.0,0.0,0.0,0.0,0.0,0.0,0.0,0.0,0.0,0.0,0.0,0.0,1.0,1.0,1.0,1.0,2.0,2.0,4.0,5.0,7.0,8.0,10.0,17.0,24.0,31.0,41.0,55.0,72.0,87.0,110.0,123.0,149.0,170.0,191.0,208.0,232.0,237.0,255.0,272.0,287.0,301.0,320.0,339.0,350.0,361.0,379.0,401.0,412.0,426.0,427.0,427.0
2,Redcar and Cleveland,E06000003,0.0,0.0,0.0,0.0,0.0,0.0,0.0,0.0,0.0,0.0,0.0,0.0,0.0,0.0,0.0,0.0,0.0,0.0,0.0,0.0,0.0,0.0,0.0,0.0,0.0,0.0,0.0,0.0,0.0,0.0,0.0,0.0,0.0,0.0,0.0,0.0,0.0,0.0,0.0,0.0,0.0,0.0,0.0,0.0,0.0,0.0,1.0,1.0,1.0,1.0,1.0,1.0,1.0,2.0,2.0,3.0,3.0,4.0,7.0,9.0,11.0,14.0,20.0,30.0,41.0,48.0,55.0,63.0,74.0,81.0,98.0,111.0,119.0,128.0,140.0,140.0,149.0,158.0,174.0,182.0,196.0,201.0,205.0,211.0,217.0,221.0,229.0,237.0,239.0,239.0
3,Stockton-on-Tees,E06000004,0.0,0.0,0.0,0.0,0.0,0.0,0.0,0.0,0.0,0.0,0.0,0.0,0.0,0.0,0.0,0.0,0.0,0.0,0.0,0.0,0.0,0.0,0.0,0.0,0.0,0.0,0.0,0.0,0.0,0.0,0.0,0.0,0.0,0.0,0.0,0.0,0.0,0.0,0.0,0.0,0.0,0.0,0.0,0.0,0.0,1.0,3.0,4.0,4.0,4.0,5.0,5.0,6.0,9.0,9.0,10.0,12.0,12.0,12.0,15.0,17.0,19.0,25.0,33.0,43.0,48.0,64.0,72.0,84.0,97.0,112.0,124.0,136.0,145.0,164.0,175.0,192.0,197.0,207.0,215.0,223.0,234.0,239.0,242.0,245.0,252.0,263.0,278.0,279.0,280.0
4,Darlington,E06000005,0.0,0.0,0.0,0.0,0.0,0.0,0.0,0.0,0.0,0.0,0.0,0.0,0.0,0.0,0.0,0.0,0.0,0.0,0.0,0.0,0.0,0.0,0.0,0.0,0.0,0.0,0.0,0.0,0.0,0.0,0.0,0.0,0.0,0.0,0.0,0.0,0.0,0.0,0.0,0.0,0.0,0.0,1.0,1.0,1.0,1.0,1.0,1.0,2.0,2.0,2.0,2.0,2.0,2.0,2.0,3.0,3.0,3.0,3.0,4.0,6.0,9.0,12.0,14.0,16.0,17.0,26.0,28.0,32.0,37.0,43.0,53.0,55.0,76.0,87.0,107.0,121.0,125.0,134.0,149.0,153.0,160.0,170.0,175.0,181.0,189.0,194.0,207.0,208.0,208.0
5,Halton,E06000006,0.0,0.0,0.0,0.0,0.0,0.0,0.0,0.0,0.0,0.0,0.0,0.0,0.0,0.0,0.0,0.0,0.0,0.0,0.0,0.0,0.0,0.0,0.0,0.0,0.0,0.0,0.0,0.0,0.0,0.0,0.0,0.0,0.0,0.0,0.0,0.0,0.0,0.0,0.0,0.0,0.0,0.0,0.0,0.0,0.0,0.0,0.0,0.0,2.0,3.0,4.0,4.0,5.0,7.0,7.0,7.0,8.0,8.0,8.0,8.0,13.0,16.0,18.0,25.0,34.0,36.0,48.0,57.0,64.0,78.0,96.0,108.0,123.0,147.0,159.0,173.0,188.0,200.0,211.0,215.0,223.0,233.0,244.0,253.0,263.0,268.0,276.0,281.0,283.0,283.0
6,Warrington,E06000007,0.0,0.0,0.0,0.0,0.0,0.0,0.0,0.0,0.0,0.0,0.0,0.0,0.0,0.0,0.0,0.0,0.0,0.0,0.0,0.0,0.0,0.0,0.0,0.0,0.0,0.0,0.0,0.0,0.0,0.0,0.0,0.0,0.0,0.0,0.0,0.0,0.0,0.0,0.0,0.0,0.0,0.0,0.0,0.0,0.0,1.0,1.0,1.0,3.0,3.0,3.0,4.0,4.0,4.0,4.0,6.0,7.0,8.0,10.0,15.0,18.0,19.0,22.0,32.0,40.0,50.0,68.0,87.0,104.0,128.0,144.0,160.0,183.0,214.0,245.0,283.0,304.0,332.0,349.0,357.0,373.0,402.0,415.0,441.0,454.0,465.0,472.0,492.0,497.0,497.0
7,Blackburn with Darwen,E06000008,0.0,0.0,0.0,0.0,0.0,0.0,0.0,0.0,0.0,0.0,0.0,0.0,0.0,0.0,0.0,0.0,0.0,0.0,0.0,0.0,0.0,0.0,0.0,0.0,0.0,0.0,0.0,0.0,0.0,0.0,0.0,0.0,0.0,0.0,0.0,0.0,0.0,0.0,0.0,0.0,0.0,0.0,0.0,0.0,0.0,0.0,0.0,0.0,0.0,1.0,1.0,1.0,1.0,1.0,1.0,1.0,3.0,3.0,4.0,7.0,11.0,12.0,14.0,18.0,22.0,30.0,38.0,46.0,54.0,66.0,75.0,85.0,93.0,103.0,116.0,127.0,143.0,155.0,165.0,177.0,188.0,204.0,214.0,225.0,230.0,244.0,249.0,256.0,256.0,256.0
8,Blackpool,E06000009,0.0,0.0,0.0,0.0,0.0,0.0,0.0,0.0,0.0,0.0,0.0,0.0,0.0,0.0,0.0,0.0,0.0,0.0,0.0,0.0,0.0,0.0,0.0,0.0,0.0,0.0,0.0,0.0,0.0,0.0,0.0,0.0,0.0,0.0,0.0,0.0,0.0,0.0,0.0,0.0,0.0,0.0,0.0,0.0,0.0,0.0,1.0,1.0,2.0,2.0,3.0,3.0,4.0,6.0,6.0,6.0,7.0,8.0,8.0,9.0,10.0,11.0,15.0,17.0,22.0,26.0,32.0,44.0,49.0,67.0,75.0,89.0,92.0,98.0,108.0,121.0,132.0,148.0,163.0,174.0,189.0,197.0,210.0,226.0,246.0,269.0,290.0,310.0,311.0,311.0
9,"Kingston upon Hull, City of",E06000010,0.0,0.0,0.0,0.0,0.0,0.0,0.0,0.0,0.0,0.0,0.0,0.0,0.0,0.0,0.0,0.0,0.0,0.0,0.0,0.0,0.0,0.0,0.0,0.0,0.0,0.0,0.0,0.0,0.0,0.0,0.0,0.0,0.0,0.0,0.0,0.0,0.0,1.0,1.0,1.0,1.0,1.0,1.0,1.0,1.0,1.0,1.0,1.0,1.0,1.0,1.0,1.0,1.0,1.0,1.0,1.0,1.0,4.0,4.0,4.0,5.0,8.0,11.0,13.0,13.0,16.0,19.0,21.0,26.0,34.0,44.0,52.0,56.0,71.0,83.0,92.0,105.0,123.0,137.0,147.0,162.0,190.0,222.0,232.0,247.0,271.0,288.0,312.0,320.0,320.0
10,East Riding of Yorkshire,E06000011,0.0,0.0,0.0,0.0,0.0,0.0,0.0,0.0,0.0,0.0,0.0,0.0,0.0,0.0,0.0,0.0,0.0,0.0,0.0,0.0,0.0,0.0,0.0,0.0,0.0,0.0,0.0,0.0,0.0,0.0,0.0,0.0,0.0,0.0,0.0,0.0,0.0,0.0,0.0,0.0,0.0,0.0,0.0,0.0,0.0,0.0,2.0,4.0,6.0,10.0,10.0,10.0,12.0,13.0,14.0,16.0,16.0,16.0,18.0,23.0,25.0,31.0,34.0,37.0,40.0,50.0,62.0,77.0,86.0,93.0,105.0,119.0,129.0,149.0,169.0,189.0,198.0,220.0,226.0,242.0,259.0,286.0,308.0,329.0,342.0,355.0,376.0,400.0,412.0,412.0
11,North East Lincolnshire,E06000012,0.0,0.0,0.0,0.0,0.0,0.0,0.0,0.0,0.0,0.0,0.0,0.0,0.0,0.0,0.0,0.0,0.0,0.0,0.0,0.0,0.0,0.0,0.0,0.0,0.0,0.0,0.0,0.0,0.0,0.0,0.0,0.0,0.0,0.0,0.0,0.0,0.0,0.0,0.0,0.0,0.0,0.0,0.0,0.0,0.0,0.0,0.0,0.0,0.0,0.0,0.0,0.0,0.0,0.0,1.0,1.0,2.0,3.0,4.0,6.0,10.0,15.0,18.0,21.0,22.0,25.0,29.0,31.0,36.0,37.0,47.0,50.0,52.0,58.0,61.0,65.0,69.0,73.0,78.0,80.0,84.0,90.0,90.0,91.0,100.0,102.0,103.0,107.0,109.0,109.0
12,North Lincolnshire,E06000013,0.0,0.0,0.0,0.0,0.0,0.0,0.0,0.0,0.0,0.0,0.0,0.0,0.0,0.0,0.0,0.0,0.0,0.0,0.0,0.0,0.0,0.0,0.0,0.0,0.0,0.0,0.0,0.0,0.0,0.0,0.0,0.0,0.0,0.0,0.0,0.0,0.0,0.0,0.0,0.0,0.0,0.0,1.0,1.0,1.0,1.0,1.0,1.0,1.0,1.0,1.0,1.0,2.0,2.0,2.0,4.0,5.0,5.0,5.0,6.0,7.0,10.0,13.0,15.0,17.0,23.0,26.0,34.0,42.0,46.0,59.0,63.0,63.0,70.0,75.0,85.0,102.0,105.0,121.0,129.0,136.0,152.0,168.0,180.0,199.0,211.0,218.0,235.0,244.0,244.0
13,York,E06000014,0.0,0.0,0.0,0.0,0.0,0.0,1.0,1.0,1.0,1.0,1.0,1.0,1.0,1.0,1.0,1.0,1.0,1.0,1.0,1.0,1.0,1.0,1.0,1.0,1.0,1.0,1.0,1.0,1.0,1.0,1.0,1.0,1.0,1.0,1.0,1.0,1.0,1.0,2.0,2.0,2.0,2.0,2.0,2.0,2.0,2.0,3.0,3.0,3.0,4.0,5.0,5.0,5.0,7.0,9.0,11.0,12.0,13.0,13.0,14.0,16.0,17.0,18.0,23.0,30.0,30.0,34.0,39.0,51.0,62.0,70.0,74.0,78.0,88.0,101.0,111.0,120.0,126.0,129.0,134.0,146.0,153.0,160.0,170.0,182.0,186.0,192.0,200.0,209.0,209.0
14,Derby,E06000015,0.0,0.0,0.0,0.0,0.0,0.0,0.0,0.0,0.0,0.0,0.0,0.0,0.0,0.0,0.0,0.0,0.0,0.0,0.0,0.0,0.0,0.0,0.0,0.0,0.0,0.0,0.0,0.0,0.0,0.0,0.0,0.0,0.0,0.0,0.0,0.0,0.0,0.0,0.0,0.0,0.0,0.0,1.0,1.0,1.0,1.0,3.0,5.0,5.0,6.0,7.0,11.0,17.0,20.0,24.0,34.0,37.0,45.0,59.0,76.0,97.0,108.0,116.0,124.0,145.0,165.0,187.0,211.0,241.0,260.0,282.0,300.0,302.0,304.0,318.0,329.0,340.0,352.0,365.0,374.0,378.0,383.0,391.0,395.0,406.0,409.0,413.0,422.0,423.0,423.0
15,Leicester,E06000016,0.0,0.0,0.0,0.0,0.0,0.0,0.0,0.0,0.0,0.0,0.0,0.0,0.0,0.0,0.0,0.0,0.0,0.0,0.0,0.0,0.0,0.0,0.0,0.0,0.0,0.0,0.0,0.0,0.0,0.0,0.0,0.0,0.0,0.0,0.0,0.0,0.0,0.0,0.0,0.0,0.0,0.0,0.0,0.0,0.0,0.0,0.0,1.0,2.0,3.0,3.0,3.0,5.0,8.0,13.0,19.0,21.0,26.0,33.0,44.0,64.0,69.0,82.0,90.0,101.0,102.0,107.0,134.0,167.0,191.0,216.0,231.0,251.0,277.0,299.0,319.0,350.0,370.0,387.0,409.0,418.0,431.0,446.0,456.0,467.0,482.0,505.0,532.0,543.0,545.0
16,Rutland,E06000017,0.0,0.0,0.0,0.0,0.0,0.0,0.0,0.0,0.0,0.0,0.0,0.0,0.0,0.0,0.0,0.0,0.0,0.0,0.0,0.0,0.0,0.0,0.0,0.0,0.0,0.0,0.0,0.0,0.0,0.0,0.0,0.0,0.0,0.0,0.0,0.0,0.0,0.0,0.0,0.0,0.0,0.0,0.0,0.0,0.0,0.0,0.0,0.0,0.0,0.0,0.0,0.0,0.0,0.0,0.0,0.0,0.0,0.0,0.0,1.0,2.0,2.0,3.0,3.0,3.0,4.0,4.0,6.0,6.0,6.0,7.0,7.0,8.0,8.0,8.0,9.0,9.0,10.0,10.0,11.0,12.0,12.0,12.0,13.0,13.0,13.0,13.0,13.0,13.0,13.0
17,Nottingham,E06000018,0.0,0.0,0.0,0.0,0.0,0.0,0.0,0.0,0.0,0.0,0.0,0.0,0.0,0.0,0.0,0.0,0.0,0.0,0.0,0.0,0.0,0.0,0.0,0.0,0.0,0.0,0.0,0.0,0.0,0.0,0.0,0.0,0.0,0.0,0.0,1.0,1.0,1.0,1.0,1.0,1.0,2.0,2.0,3.0,3.0,4.0,6.0,6.0,9.0,13.0,14.0,16.0,17.0,22.0,24.0,28.0,35.0,41.0,50.0,55.0,62.0,71.0,87.0,96.0,100.0,107.0,118.0,132.0,148.0,168.0,184.0,199.0,210.0,231.0,253.0,269.0,281.0,295.0,307.0,318.0,331.0,341.0,350.0,365.0,385.0,388.0,398.0,416.0,434.0,448.0
18,"Herefordshire, County of",E06000019,0.0,0.0,0.0,0.0,0.0,0.0,0.0,0.0,0.0,0.0,0.0,0.0,0.0,0.0,0.0,0.0,0.0,0.0,0.0,0.0,0.0,0.0,0.0,0.0,0.0,0.0,0.0,0.0,0.0,0.0,0.0,0.0,0.0,0.0,0.0,0.0,0.0,0.0,0.0,0.0,0.0,0.0,1.0,1.0,1.0,1.0,1.0,1.0,1.0,2.0,3.0,6.0,6.0,7.0,7.0,7.0,12.0,12.0,15.0,21.0,24.0,24.0,25.0,27.0,31.0,35.0,40.0,49.0,55.0,59.0,64.0,68.0,72.0,83.0,86.0,91.0,96.0,102.0,108.0,117.0,124.0,129.0,132.0,137.0,143.0,153.0,159.0,173.0,175.0,175.0
19,Telford and Wrekin,E06000020,0.0,0.0,0.0,0.0,0.0,0.0,0.0,0.0,0.0,0.0,0.0,0.0,0.0,0.0,0.0,0.0,0.0,0.0,0.0,0.0,0.0,0.0,0.0,0.0,0.0,0.0,0.0,0.0,0.0,0.0,0.0,0.0,0.0,0.0,0.0,0.0,0.0,0.0,0.0,0.0,0.0,0.0,0.0,0.0,0.0,0.0,1.0,6.0,6.0,6.0,7.0,7.0,8.0,8.0,9.0,11.0,12.0,14.0,14.0,19.0,22.0,25.0,31.0,39.0,45.0,55.0,61.0,67.0,71.0,78.0,85.0,92.0,101.0,104.0,116.0,122.0,124.0,131.0,133.0,136.0,139.0,144.0,150.0,156.0,166.0,183.0,187.0,196.0,202.0,205.0
20,Stoke-on-Trent,E06000021,0.0,0.0,0.0,0.0,0.0,0.0,0.0,0.0,0.0,0.0,0.0,0.0,0.0,0.0,0.0,0.0,0.0,0.0,0.0,0.0,0.0,0.0,0.0,0.0,0.0,0.0,0.0,0.0,0.0,0.0,0.0,0.0,0.0,0.0,0.0,0.0,0.0,0.0,0.0,0.0,0.0,0.0,0.0,0.0,0.0,0.0,0.0,0.0,2.0,2.0,3.0,3.0,3.0,4.0,5.0,6.0,7.0,9.0,11.0,15.0,20.0,25.0,30.0,33.0,37.0,54.0,68.0,71.0,88.0,97.0,108.0,114.0,121.0,125.0,136.0,154.0,165.0,189.0,200.0,210.0,225.0,239.0,254.0,266.0,281.0,293.0,304.0,321.0,341.0,345.0
21,Bath and North East Somerset,E06000022,0.0,0.0,0.0,0.0,0.0,0.0,0.0,0.0,0.0,0.0,0.0,0.0,0.0,0.0,0.0,0.0,0.0,0.0,0.0,0.0,0.0,0.0,0.0,0.0,0.0,0.0,0.0,0.0,0.0,0.0,0.0,0.0,0.0,0.0,0.0,0.0,0.0,0.0,0.0,0.0,0.0,0.0,0.0,0.0,0.0,0.0,0.0,1.0,3.0,4.0,4.0,4.0,5.0,5.0,10.0,13.0,16.0,17.0,19.0,23.0,26.0,30.0,35.0,39.0,41.0,47.0,52.0,52.0,57.0,61.0,65.0,66.0,71.0,82.0,90.0,98.0,109.0,125.0,135.0,137.0,143.0,152.0,159.0,163.0,169.0,173.0,183.0,184.0,187.0,187.0
22,"Bristol, City of",E06000023,0.0,0.0,0.0,0.0,0.0,0.0,0.0,0.0,0.0,0.0,0.0,0.0,0.0,0.0,0.0,0.0,0.0,0.0,0.0,0.0,0.0,0.0,0.0,0.0,0.0,0.0,0.0,0.0,0.0,0.0,0.0,0.0,0.0,0.0,0.0,0.0,0.0,0.0,0.0,1.0,1.0,1.0,2.0,3.0,3.0,3.0,4.0,4.0,5.0,8.0,10.0,11.0,11.0,15.0,22.0,24.0,28.0,36.0,41.0,50.0,54.0,66.0,80.0,94.0,104.0,116.0,133.0,151.0,168.0,183.0,203.0,213.0,227.0,240.0,261.0,289.0,306.0,324.0,350.0,364.0,380.0,397.0,419.0,447.0,461.0,474.0,486.0,507.0,516.0,519.0
23,North Somerset,E06000024,0.0,0.0,0.0,0.0,0.0,0.0,0.0,0.0,0.0,0.0,0.0,0.0,0.0,0.0,0.0,0.0,0.0,0.0,0.0,0.0,0.0,0.0,0.0,0.0,0.0,0.0,0.0,0.0,0.0,0.0,0.0,0.0,0.0,0.0,0.0,0.0,0.0,0.0,0.0,0.0,0.0,0.0,0.0,0.0,0.0,1.0,1.0,6.0,11.0,13.0,15.0,16.0,16.0,17.0,17.0,17.0,19.0,20.0,20.0,20.0,21.0,28.0,31.0,37.0,39.0,43.0,51.0,55.0,63.0,69.0,77.0,83.0,87.0,93.0,97.0,102.0,113.0,117.0,124.0,125.0,130.0,135.0,144.0,147.0,165.0,171.0,173.0,177.0,182.0,183.0
24,South Gloucestershire,E06000025,0.0,0.0,0.0,0.0,0.0,0.0,0.0,0.0,0.0,0.0,0.0,0.0,0.0,0.0,0.0,0.0,0.0,0.0,0.0,0.0,0.0,0.0,0.0,0.0,0.0,0.0,0.0,0.0,0.0,0.0,0.0,0.0,0.0,0.0,0.0,0.0,0.0,0.0,0.0,0.0,0.0,0.0,0.0,0.0,1.0,3.0,3.0,6.0,9.0,12.0,12.0,13.0,13.0,14.0,16.0,17.0,17.0,20.0,23.0,31.0,36.0,49.0,53.0,59.0,67.0,76.0,91.0,102.0,108.0,117.0,127.0,136.0,146.0,156.0,165.0,193.0,206.0,212.0,218.0,222.0,224.0,232.0,251.0,257.0,264.0,273.0,280.0,296.0,303.0,304.0
25,Plymouth,E06000026,0.0,0.0,0.0,0.0,0.0,0.0,0.0,0.0,0.0,0.0,0.0,0.0,0.0,0.0,0.0,0.0,0.0,0.0,0.0,0.0,0.0,0.0,0.0,0.0,0.0,0.0,0.0,0.0,0.0,0.0,0.0,0.0,0.0,0.0,0.0,0.0,0.0,0.0,0.0,0.0,0.0,0.0,0.0,0.0,0.0,0.0,1.0,1.0,1.0,3.0,3.0,6.0,7.0,7.0,10.0,12.0,14.0,16.0,16.0,19.0,26.0,29.0,38.0,41.0,44.0,49.0,56.0,58.0,66.0,78.0,92.0,102.0,103.0,108.0,116.0,120.0,129.0,142.0,143.0,150.0,162.0,178.0,189.0,193.0,200.0,202.0,215.0,224.0,238.0,246.0
26,Torbay,E06000027,0.0,0.0,0.0,0.0,0.0,0.0,0.0,0.0,0.0,0.0,0.0,0.0,0.0,0.0,0.0,0.0,0.0,0.0,0.0,0.0,0.0,0.0,0.0,0.0,0.0,0.0,0.0,0.0,0.0,0.0,0.0,0.0,0.0,0.0,0.0,0.0,0.0,0.0,4.0,4.0,4.0,4.0,5.0,6.0,6.0,6.0,6.0,6.0,6.0,6.0,6.0,7.0,8.0,9.0,10.0,10.0,15.0,16.0,17.0,19.0,21.0,22.0,27.0,33.0,36.0,37.0,42.0,49.0,52.0,54.0,54.0,58.0,61.0,63.0,69.0,72.0,93.0,98.0,99.0,101.0,104.0,107.0,110.0,111.0,127.0,130.0,152.0,162.0,168.0,169.0
27,Swindon,E06000030,0.0,0.0,0.0,0.0,0.0,0.0,0.0,0.0,0.0,0.0,0.0,0.0,0.0,0.0,0.0,0.0,0.0,0.0,0.0,0.0,0.0,0.0,0.0,0.0,0.0,0.0,0.0,0.0,0.0,0.0,0.0,0.0,0.0,0.0,0.0,0.0,0.0,0.0,0.0,1.0,1.0,1.0,2.0,2.0,2.0,2.0,2.0,2.0,2.0,4.0,4.0,5.0,5.0,6.0,8.0,8.0,9.0,9.0,12.0,15.0,19.0,22.0,27.0,30.0,31.0,36.0,42.0,46.0,54.0,66.0,73.0,85.0,95.0,104.0,121.0,136.0,155.0,169.0,186.0,196.0,211.0,228.0,239.0,255.0,266.0,272.0,286.0,303.0,307.0,307.0
28,Peterborough,E06000031,0.0,0.0,0.0,0.0,0.0,0.0,0.0,0.0,0.0,0.0,0.0,0.0,0.0,0.0,0.0,0.0,0.0,0.0,0.0,0.0,0.0,0.0,0.0,0.0,0.0,0.0,0.0,0.0,0.0,0.0,0.0,0.0,0.0,0.0,0.0,0.0,0.0,0.0,0.0,0.0,0.0,0.0,0.0,0.0,0.0,0.0,0.0,0.0,0.0,0.0,2.0,2.0,2.0,2.0,3.0,4.0,9.0,12.0,16.0,19.0,21.0,22.0,26.0,32.0,37.0,40.0,46.0,50.0,56.0,61.0,71.0,75.0,81.0,89.0,98.0,103.0,105.0,109.0,111.0,113.0,120.0,124.0,128.0,140.0,151.0,152.0,156.0,165.0,171.0,171.0
29,Luton,E06000032,0.0,0.0,0.0,0.0,0.0,0.0,0.0,0.0,0.0,0.0,0.0,0.0,0.0,0.0,0.0,0.0,0.0,0.0,0.0,0.0,0.0,0.0,0.0,0.0,0.0,0.0,0.0,0.0,0.0,0.0,0.0,0.0,0.0,0.0,0.0,0.0,0.0,0.0,0.0,0.0,2.0,2.0,2.0,2.0,2.0,2.0,2.0,2.0,2.0,3.0,3.0,3.0,3.0,8.0,14.0,18.0,27.0,29.0,34.0,42.0,57.0,68.0,77.0,89.0,99.0,109.0,125.0,151.0,168.0,191.0,209.0,223.0,250.0,278.0,308.0,343.0,359.0,381.0,397.0,420.0,435.0,459.0,468.0,472.0,496.0,529.0,530.0,538.0,548.0,548.0
30,Southend-on-Sea,E06000033,0.0,0.0,0.0,0.0,0.0,0.0,0.0,0.0,0.0,0.0,0.0,0.0,0.0,0.0,0.0,0.0,0.0,0.0,0.0,0.0,0.0,0.0,0.0,0.0,0.0,0.0,0.0,0.0,0.0,0.0,0.0,0.0,0.0,0.0,0.0,0.0,0.0,0.0,0.0,0.0,1.0,1.0,1.0,1.0,1.0,2.0,2.0,2.0,3.0,3.0,4.0,4.0,6.0,8.0,8.0,8.0,8.0,9.0,13.0,19.0,25.0,27.0,35.0,42.0,48.0,59.0,72.0,87.0,103.0,117.0,135.0,150.0,159.0,178.0,196.0,201.0,207.0,217.0,221.0,228.0,238.0,245.0,251.0,254.0,255.0,256.0,261.0,265.0,266.0,266.0
31,Thurrock,E06000034,0.0,0.0,0.0,0.0,0.0,0.0,0.0,0.0,0.0,0.0,0.0,0.0,0.0,0.0,0.0,0.0,0.0,0.0,0.0,0.0,0.0,0.0,0.0,0.0,0.0,0.0,0.0,0.0,0.0,0.0,0.0,0.0,0.0,0.0,0.0,0.0,0.0,0.0,0.0,0.0,0.0,0.0,0.0,0.0,0.0,0.0,1.0,2.0,2.0,2.0,3.0,3.0,5.0,8.0,13.0,14.0,14.0,17.0,22.0,31.0,33.0,37.0,47.0,59.0,66.0,73.0,83.0,93.0,103.0,120.0,125.0,133.0,142.0,150.0,164.0,182.0,187.0,191.0,199.0,204.0,212.0,216.0,218.0,227.0,231.0,235.0,236.0,242.0,244.0,244.0
32,Medway,E06000035,0.0,0.0,0.0,0.0,0.0,0.0,0.0,0.0,0.0,0.0,0.0,0.0,0.0,0.0,0.0,0.0,0.0,0.0,0.0,0.0,0.0,0.0,0.0,0.0,0.0,0.0,0.0,0.0,0.0,0.0,0.0,0.0,0.0,0.0,1.0,1.0,1.0,1.0,1.0,1.0,3.0,3.0,3.0,3.0,3.0,3.0,3.0,7.0,8.0,11.0,11.0,13.0,14.0,16.0,17.0,20.0,22.0,32.0,35.0,46.0,62.0,72.0,83.0,91.0,100.0,109.0,119.0,136.0,169.0,193.0,208.0,232.0,251.0,281.0,318.0,340.0,360.0,383.0,401.0,414.0,425.0,438.0,455.0,471.0,496.0,512.0,523.0,541.0,547.0,548.0
33,Bracknell Forest,E06000036,0.0,0.0,0.0,0.0,0.0,0.0,0.0,0.0,0.0,0.0,0.0,0.0,0.0,0.0,0.0,0.0,0.0,0.0,0.0,0.0,0.0,0.0,0.0,0.0,0.0,0.0,0.0,0.0,0.0,0.0,0.0,0.0,0.0,0.0,0.0,0.0,0.0,0.0,0.0,1.0,1.0,1.0,1.0,1.0,1.0,3.0,3.0,3.0,3.0,3.0,3.0,4.0,5.0,6.0,6.0,7.0,8.0,13.0,15.0,17.0,18.0,20.0,23.0,25.0,30.0,34.0,37.0,46.0,56.0,59.0,69.0,76.0,80.0,83.0,94.0,104.0,107.0,111.0,120.0,127.0,142.0,152.0,157.0,162.0,168.0,172.0,174.0,174.0,174.0,174.0
34,West Berkshire,E06000037,0.0,0.0,0.0,0.0,0.0,0.0,0.0,0.0,0.0,0.0,0.0,0.0,0.0,0.0,0.0,0.0,0.0,0.0,0.0,0.0,0.0,0.0,0.0,0.0,0.0,0.0,0.0,0.0,0.0,0.0,0.0,0.0,0.0,0.0,0.0,0.0,0.0,0.0,0.0,0.0,0.0,0.0,0.0,1.0,1.0,1.0,1.0,1.0,3.0,3.0,4.0,5.0,6.0,7.0,10.0,11.0,14.0,21.0,22.0,30.0,33.0,40.0,44.0,49.0,55.0,58.0,69.0,73.0,87.0,92.0,101.0,114.0,120.0,126.0,137.0,142.0,144.0,157.0,166.0,173.0,185.0,197.0,206.0,223.0,233.0,246.0,251.0,254.0,256.0,256.0
35,Reading,E06000038,0.0,0.0,0.0,0.0,0.0,0.0,0.0,0.0,0.0,0.0,0.0,0.0,0.0,0.0,0.0,0.0,0.0,0.0,0.0,0.0,0.0,0.0,0.0,0.0,0.0,0.0,0.0,0.0,0.0,0.0,0.0,0.0,0.0,0.0,0.0,0.0,0.0,0.0,0.0,0.0,0.0,0.0,0.0,0.0,1.0,1.0,2.0,2.0,3.0,3.0,6.0,8.0,9.0,11.0,15.0,16.0,16.0,19.0,22.0,26.0,28.0,36.0,43.0,46.0,56.0,67.0,77.0,82.0,96.0,104.0,112.0,126.0,134.0,138.0,151.0,164.0,179.0,193.0,202.0,227.0,254.0,289.0,313.0,341.0,360.0,365.0,369.0,369.0,369.0,369.0
36,Slough,E06000039,0.0,0.0,0.0,0.0,0.0,0.0,0.0,0.0,0.0,0.0,0.0,0.0,0.0,0.0,0.0,0.0,0.0,0.0,0.0,0.0,0.0,0.0,0.0,0.0,0.0,0.0,0.0,0.0,0.0,0.0,0.0,0.0,0.0,0.0,0.0,0.0,0.0,0.0,0.0,0.0,0.0,0.0,1.0,1.0,4.0,5.0,5.0,10.0,16.0,19.0,21.0,25.0,32.0,37.0,38.0,43.0,48.0,50.0,56.0,66.0,73.0,79.0,91.0,102.0,107.0,113.0,123.0,129.0,140.0,143.0,153.0,167.0,172.0,181.0,199.0,208.0,216.0,230.0,242.0,251.0,265.0,282.0,298.0,306.0,315.0,323.0,325.0,325.0,325.0,325.0
37,Windsor and Maidenhead,E06000040,0.0,0.0,0.0,0.0,0.0,0.0,0.0,0.0,0.0,0.0,0.0,0.0,0.0,0.0,0.0,0.0,0.0,0.0,0.0,0.0,0.0,0.0,0.0,0.0,0.0,0.0,0.0,0.0,0.0,0.0,0.0,0.0,0.0,0.0,0.0,0.0,0.0,0.0,0.0,0.0,0.0,0.0,1.0,1.0,1.0,2.0,4.0,7.0,11.0,11.0,14.0,15.0,17.0,18.0,18.0,24.0,29.0,31.0,37.0,44.0,46.0,55.0,60.0,64.0,72.0,74.0,83.0,90.0,99.0,103.0,107.0,116.0,120.0,123.0,133.0,136.0,146.0,148.0,157.0,163.0,165.0,175.0,184.0,198.0,205.0,205.0,206.0,206.0,206.0,206.0
38,Wokingham,E06000041,0.0,0.0,0.0,0.0,0.0,0.0,0.0,0.0,0.0,0.0,0.0,0.0,0.0,0.0,0.0,0.0,0.0,0.0,0.0,0.0,0.0,0.0,0.0,0.0,0.0,0.0,0.0,0.0,0.0,0.0,0.0,0.0,0.0,0.0,1.0,1.0,1.0,1.0,1.0,2.0,2.0,3.0,3.0,3.0,3.0,3.0,5.0,8.0,10.0,10.0,10.0,12.0,12.0,13.0,17.0,19.0,21.0,21.0,24.0,25.0,26.0,28.0,33.0,43.0,50.0,63.0,78.0,86.0,100.0,102.0,110.0,119.0,127.0,133.0,143.0,155.0,160.0,176.0,179.0,190.0,207.0,221.0,233.0,250.0,276.0,280.0,283.0,285.0,285.0,285.0
39,Milton Keynes,E06000042,0.0,0.0,0.0,0.0,0.0,0.0,0.0,0.0,0.0,0.0,0.0,0.0,0.0,0.0,0.0,0.0,0.0,0.0,0.0,0.0,0.0,0.0,0.0,0.0,0.0,0.0,0.0,0.0,0.0,0.0,1.0,1.0,1.0,1.0,1.0,1.0,1.0,1.0,1.0,2.0,2.0,2.0,3.0,3.0,3.0,3.0,3.0,3.0,4.0,4.0,5.0,6.0,6.0,9.0,21.0,27.0,29.0,33.0,35.0,57.0,71.0,81.0,88.0,98.0,108.0,118.0,132.0,149.0,163.0,175.0,187.0,197.0,218.0,237.0,257.0,268.0,281.0,298.0,312.0,318.0,333.0,349.0,361.0,377.0,390.0,395.0,401.0,403.0,403.0,403.0
40,Brighton and Hove,E06000043,0.0,0.0,0.0,0.0,0.0,0.0,0.0,0.0,0.0,0.0,0.0,0.0,0.0,0.0,0.0,1.0,2.0,2.0,2.0,2.0,2.0,2.0,2.0,2.0,2.0,2.0,2.0,2.0,2.0,2.0,2.0,2.0,2.0,2.0,2.0,2.0,2.0,2.0,2.0,2.0,3.0,3.0,3.0,4.0,4.0,4.0,6.0,6.0,6.0,8.0,8.0,10.0,12.0,12.0,16.0,18.0,21.0,24.0,27.0,31.0,38.0,44.0,53.0,65.0,73.0,82.0,88.0,94.0,113.0,125.0,136.0,149.0,160.0,170.0,186.0,205.0,211.0,222.0,230.0,241.0,250.0,263.0,278.0,289.0,304.0,316.0,324.0,331.0,334.0,334.0
41,Portsmouth,E06000044,0.0,0.0,0.0,0.0,0.0,0.0,0.0,0.0,0.0,0.0,0.0,0.0,0.0,0.0,0.0,0.0,0.0,0.0,0.0,0.0,0.0,0.0,0.0,0.0,0.0,0.0,0.0,0.0,0.0,0.0,0.0,0.0,0.0,0.0,0.0,0.0,0.0,0.0,0.0,0.0,0.0,0.0,0.0,0.0,0.0,1.0,1.0,1.0,2.0,3.0,6.0,9.0,14.0,17.0,20.0,24.0,27.0,28.0,36.0,45.0,51.0,65.0,70.0,73.0,78.0,80.0,84.0,85.0,91.0,96.0,106.0,112.0,122.0,132.0,140.0,151.0,161.0,170.0,183.0,190.0,194.0,205.0,217.0,223.0,231.0,236.0,237.0,238.0,238.0,238.0
42,Southampton,E06000045,0.0,0.0,0.0,0.0,0.0,0.0,0.0,0.0,0.0,0.0,0.0,0.0,0.0,0.0,0.0,0.0,0.0,0.0,0.0,0.0,0.0,0.0,0.0,0.0,0.0,0.0,0.0,0.0,0.0,0.0,0.0,0.0,0.0,0.0,0.0,0.0,0.0,0.0,0.0,0.0,1.0,1.0,1.0,1.0,1.0,1.0,3.0,3.0,3.0,5.0,5.0,6.0,8.0,9.0,11.0,14.0,17.0,23.0,27.0,33.0,35.0,41.0,56.0,69.0,79.0,88.0,106.0,126.0,140.0,157.0,166.0,178.0,190.0,199.0,214.0,227.0,249.0,258.0,265.0,275.0,286.0,303.0,312.0,327.0,346.0,361.0,368.0,383.0,397.0,398.0
43,Isle of Wight,E06000046,0.0,0.0,0.0,0.0,0.0,0.0,0.0,0.0,0.0,0.0,0.0,0.0,0.0,0.0,0.0,0.0,0.0,0.0,0.0,0.0,0.0,0.0,0.0,0.0,0.0,0.0,0.0,0.0,0.0,0.0,0.0,0.0,0.0,0.0,0.0,0.0,0.0,0.0,0.0,0.0,1.0,1.0,1.0,1.0,1.0,1.0,2.0,2.0,2.0,2.0,2.0,2.0,2.0,2.0,2.0,2.0,3.0,4.0,8.0,10.0,10.0,11.0,12.0,13.0,15.0,15.0,18.0,19.0,26.0,27.0,28.0,31.0,33.0,37.0,39.0,44.0,46.0,51.0,53.0,55.0,56.0,56.0,60.0,68.0,69.0,72.0,73.0,73.0,75.0,76.0
44,County Durham,E06000047,0.0,0.0,0.0,0.0,0.0,0.0,0.0,0.0,0.0,0.0,0.0,0.0,0.0,0.0,0.0,0.0,0.0,0.0,0.0,0.0,0.0,0.0,0.0,0.0,0.0,0.0,0.0,0.0,0.0,0.0,0.0,0.0,0.0,0.0,0.0,0.0,0.0,0.0,0.0,0.0,0.0,0.0,0.0,0.0,0.0,1.0,1.0,1.0,1.0,1.0,2.0,3.0,3.0,5.0,7.0,9.0,12.0,15.0,18.0,28.0,34.0,47.0,61.0,75.0,94.0,106.0,126.0,148.0,200.0,236.0,273.0,304.0,330.0,416.0,479.0,532.0,590.0,646.0,697.0,726.0,771.0,809.0,851.0,888.0,925.0,971.0,998.0,1047.0,1068.0,1071.0
45,Cheshire East,E06000049,0.0,0.0,0.0,0.0,0.0,0.0,0.0,0.0,0.0,0.0,0.0,0.0,0.0,0.0,0.0,0.0,0.0,0.0,0.0,0.0,0.0,0.0,0.0,0.0,0.0,0.0,0.0,0.0,0.0,0.0,0.0,0.0,0.0,0.0,0.0,0.0,0.0,0.0,0.0,0.0,0.0,0.0,0.0,0.0,0.0,0.0,1.0,2.0,5.0,7.0,10.0,11.0,11.0,15.0,19.0,23.0,24.0,27.0,32.0,34.0,41.0,53.0,63.0,77.0,85.0,98.0,110.0,128.0,159.0,187.0,201.0,220.0,247.0,280.0,308.0,340.0,377.0,405.0,434.0,453.0,484.0,512.0,538.0,572.0,602.0,626.0,646.0,665.0,683.0,689.0
46,Cheshire West and Chester,E06000050,0.0,0.0,0.0,0.0,0.0,0.0,0.0,0.0,0.0,0.0,0.0,0.0,0.0,0.0,0.0,0.0,0.0,0.0,0.0,0.0,0.0,0.0,0.0,0.0,0.0,0.0,0.0,0.0,0.0,0.0,0.0,0.0,0.0,0.0,0.0,0.0,0.0,0.0,1.0,1.0,1.0,1.0,1.0,1.0,1.0,1.0,3.0,5.0,6.0,6.0,6.0,8.0,10.0,11.0,13.0,17.0,20.0,21.0,24.0,29.0,33.0,38.0,43.0,60.0,71.0,94.0,110.0,128.0,157.0,183.0,219.0,250.0,282.0,313.0,343.0,371.0,399.0,424.0,439.0,466.0,481.0,503.0,524.0,544.0,577.0,590.0,608.0,621.0,632.0,634.0
47,Shropshire,E06000051,0.0,0.0,0.0,0.0,0.0,0.0,0.0,0.0,0.0,0.0,0.0,0.0,0.0,0.0,0.0,0.0,0.0,0.0,0.0,0.0,0.0,0.0,0.0,0.0,0.0,0.0,0.0,0.0,0.0,0.0,0.0,0.0,0.0,0.0,0.0,0.0,0.0,0.0,0.0,0.0,0.0,0.0,0.0,1.0,2.0,3.0,5.0,12.0,22.0,22.0,22.0,22.0,22.0,22.0,26.0,28.0,33.0,35.0,40.0,44.0,54.0,58.0,72.0,82.0,95.0,108.0,116.0,125.0,138.0,146.0,165.0,173.0,180.0,191.0,200.0,218.0,232.0,238.0,246.0,262.0,279.0,294.0,304.0,319.0,340.0,348.0,360.0,370.0,397.0,398.0
48,Cornwall and Isles of Scilly,E06000052,0.0,0.0,0.0,0.0,0.0,0.0,0.0,0.0,0.0,0.0,0.0,0.0,0.0,0.0,0.0,0.0,0.0,0.0,0.0,0.0,0.0,0.0,0.0,0.0,0.0,0.0,0.0,0.0,0.0,0.0,0.0,0.0,0.0,0.0,0.0,0.0,0.0,0.0,1.0,1.0,2.0,3.0,5.0,5.0,5.0,6.0,7.0,8.0,8.0,9.0,10.0,11.0,14.0,16.0,21.0,23.0,29.0,32.0,35.0,41.0,44.0,48.0,59.0,74.0,84.0,95.0,106.0,126.0,147.0,164.0,182.0,197.0,208.0,227.0,241.0,257.0,275.0,287.0,300.0,320.0,341.0,351.0,359.0,384.0,398.0,411.0,417.0,425.0,435.0,436.0
49,Wiltshire,E06000054,0.0,0.0,0.0,0.0,0.0,0.0,0.0,0.0,0.0,0.0,0.0,0.0,0.0,0.0,0.0,0.0,0.0,0.0,0.0,0.0,0.0,0.0,0.0,0.0,0.0,0.0,0.0,0.0,0.0,0.0,0.0,0.0,0.0,0.0,0.0,0.0,0.0,1.0,1.0,3.0,4.0,4.0,4.0,4.0,4.0,4.0,5.0,8.0,9.0,13.0,13.0,13.0,17.0,18.0,22.0,27.0,31.0,35.0,41.0,47.0,55.0,60.0,67.0,85.0,92.0,95.0,108.0,118.0,128.0,138.0,153.0,162.0,180.0,193.0,203.0,214.0,231.0,236.0,252.0,263.0,280.0,285.0,310.0,333.0,356.0,372.0,387.0,396.0,400.0,400.0
50,Bedford,E06000055,0.0,0.0,0.0,0.0,0.0,0.0,0.0,0.0,0.0,0.0,0.0,0.0,0.0,0.0,0.0,0.0,0.0,0.0,0.0,0.0,0.0,0.0,0.0,0.0,0.0,0.0,0.0,0.0,0.0,0.0,0.0,0.0,0.0,0.0,0.0,0.0,0.0,0.0,0.0,0.0,0.0,0.0,0.0,0.0,0.0,0.0,0.0,0.0,0.0,1.0,1.0,1.0,1.0,3.0,5.0,7.0,7.0,8.0,13.0,24.0,32.0,38.0,47.0,62.0,67.0,70.0,77.0,90.0,101.0,113.0,132.0,138.0,143.0,157.0,173.0,193.0,214.0,230.0,239.0,249.0,265.0,285.0,298.0,318.0,334.0,344.0,348.0,350.0,353.0,353.0
51,Central Bedfordshire,E06000056,0.0,0.0,0.0,0.0,0.0,0.0,0.0,0.0,0.0,0.0,0.0,0.0,0.0,0.0,0.0,0.0,0.0,0.0,0.0,0.0,0.0,0.0,0.0,0.0,0.0,0.0,0.0,0.0,0.0,0.0,0.0,0.0,0.0,0.0,0.0,0.0,0.0,0.0,0.0,0.0,0.0,0.0,0.0,0.0,0.0,0.0,2.0,3.0,3.0,6.0,6.0,11.0,11.0,11.0,17.0,21.0,23.0,26.0,32.0,42.0,51.0,57.0,65.0,77.0,87.0,92.0,103.0,122.0,136.0,159.0,173.0,185.0,201.0,221.0,239.0,255.0,272.0,290.0,304.0,321.0,330.0,346.0,359.0,365.0,387.0,398.0,400.0,409.0,421.0,421.0
52,Northumberland,E06000057,0.0,0.0,0.0,0.0,0.0,0.0,0.0,0.0,0.0,0.0,0.0,0.0,0.0,0.0,0.0,0.0,0.0,0.0,0.0,0.0,0.0,0.0,0.0,0.0,0.0,0.0,0.0,0.0,0.0,0.0,0.0,0.0,0.0,0.0,0.0,0.0,0.0,0.0,0.0,0.0,0.0,0.0,0.0,0.0,0.0,0.0,0.0,0.0,0.0,1.0,1.0,3.0,4.0,6.0,7.0,9.0,10.0,10.0,13.0,20.0,28.0,36.0,48.0,55.0,65.0,71.0,78.0,95.0,135.0,159.0,181.0,206.0,229.0,257.0,287.0,322.0,358.0,382.0,421.0,458.0,489.0,520.0,539.0,556.0,581.0,605.0,625.0,648.0,668.0,668.0
53,"Bournemouth, Christchurch and Poole",E06000058,0.0,0.0,0.0,0.0,0.0,0.0,0.0,0.0,0.0,0.0,0.0,0.0,0.0,0.0,0.0,0.0,0.0,0.0,0.0,0.0,0.0,0.0,0.0,0.0,0.0,0.0,0.0,0.0,0.0,0.0,0.0,0.0,0.0,0.0,0.0,0.0,0.0,0.0,0.0,0.0,0.0,2.0,3.0,3.0,3.0,3.0,5.0,5.0,8.0,8.0,9.0,9.0,9.0,10.0,11.0,12.0,12.0,15.0,16.0,17.0,22.0,27.0,36.0,45.0,52.0,58.0,71.0,77.0,92.0,104.0,115.0,123.0,135.0,153.0,172.0,187.0,204.0,226.0,233.0,255.0,269.0,287.0,295.0,320.0,333.0,345.0,353.0,362.0,368.0,369.0
54,Dorset,E06000059,0.0,0.0,0.0,0.0,0.0,0.0,0.0,0.0,0.0,0.0,0.0,0.0,0.0,0.0,0.0,0.0,0.0,0.0,0.0,0.0,0.0,0.0,0.0,0.0,0.0,0.0,0.0,0.0,0.0,0.0,0.0,0.0,0.0,0.0,0.0,0.0,0.0,0.0,0.0,0.0,0.0,0.0,0.0,0.0,0.0,0.0,1.0,2.0,4.0,5.0,7.0,8.0,8.0,10.0,11.0,13.0,16.0,19.0,25.0,29.0,31.0,34.0,44.0,50.0,58.0,65.0,77.0,82.0,97.0,107.0,122.0,129.0,135.0,147.0,156.0,173.0,190.0,202.0,205.0,210.0,214.0,222.0,231.0,235.0,247.0,255.0,262.0,273.0,275.0,275.0
55,Bolton,E08000001,0.0,0.0,0.0,0.0,0.0,0.0,0.0,0.0,0.0,0.0,0.0,0.0,0.0,0.0,0.0,0.0,0.0,0.0,0.0,0.0,0.0,0.0,0.0,0.0,0.0,0.0,0.0,0.0,0.0,0.0,0.0,0.0,0.0,0.0,0.0,0.0,0.0,1.0,1.0,1.0,1.0,2.0,2.0,3.0,3.0,3.0,3.0,5.0,6.0,7.0,7.0,9.0,12.0,13.0,16.0,18.0,20.0,21.0,24.0,26.0,31.0,36.0,42.0,49.0,60.0,63.0,80.0,102.0,127.0,144.0,179.0,202.0,217.0,248.0,269.0,311.0,349.0,377.0,407.0,427.0,459.0,488.0,518.0,541.0,567.0,582.0,605.0,621.0,623.0,623.0
56,Bury,E08000002,0.0,0.0,0.0,0.0,0.0,0.0,0.0,0.0,0.0,0.0,0.0,0.0,0.0,0.0,0.0,0.0,0.0,0.0,0.0,0.0,0.0,0.0,0.0,0.0,0.0,0.0,0.0,0.0,0.0,0.0,0.0,0.0,0.0,0.0,0.0,0.0,0.0,3.0,3.0,3.0,3.0,3.0,3.0,4.0,4.0,4.0,4.0,4.0,4.0,7.0,7.0,7.0,8.0,10.0,12.0,14.0,15.0,17.0,24.0,27.0,35.0,38.0,52.0,61.0,71.0,78.0,94.0,100.0,116.0,124.0,142.0,153.0,168.0,181.0,193.0,207.0,217.0,233.0,249.0,258.0,263.0,267.0,291.0,305.0,333.0,346.0,352.0,369.0,369.0,369.0
57,Manchester,E08000003,0.0,0.0,0.0,0.0,0.0,0.0,0.0,0.0,0.0,0.0,0.0,0.0,0.0,0.0,0.0,0.0,0.0,0.0,0.0,0.0,0.0,0.0,0.0,0.0,0.0,0.0,0.0,0.0,0.0,0.0,0.0,0.0,0.0,0.0,0.0,0.0,0.0,0.0,0.0,1.0,2.0,4.0,4.0,4.0,4.0,6.0,7.0,8.0,8.0,15.0,15.0,18.0,24.0,28.0,31.0,35.0,39.0,42.0,46.0,58.0,66.0,81.0,103.0,117.0,148.0,171.0,195.0,228.0,256.0,290.0,320.0,360.0,396.0,464.0,518.0,563.0,613.0,645.0,686.0,717.0,746.0,783.0,813.0,828.0,841.0,866.0,884.0,916.0,929.0,929.0
58,Oldham,E08000004,0.0,0.0,0.0,0.0,0.0,0.0,0.0,0.0,0.0,0.0,0.0,0.0,0.0,0.0,0.0,0.0,0.0,0.0,0.0,0.0,0.0,0.0,0.0,0.0,0.0,0.0,0.0,0.0,0.0,0.0,0.0,0.0,0.0,0.0,0.0,0.0,0.0,0.0,1.0,1.0,1.0,2.0,2.0,4.0,4.0,4.0,6.0,6.0,7.0,9.0,10.0,10.0,14.0,15.0,17.0,21.0,24.0,34.0,39.0,45.0,57.0,71.0,85.0,96.0,109.0,119.0,137.0,150.0,172.0,195.0,215.0,228.0,241.0,260.0,280.0,293.0,304.0,331.0,354.0,369.0,376.0,387.0,411.0,436.0,453.0,471.0,488.0,507.0,509.0,509.0
59,Rochdale,E08000005,0.0,0.0,0.0,0.0,0.0,0.0,0.0,0.0,0.0,0.0,0.0,0.0,0.0,0.0,0.0,0.0,0.0,0.0,0.0,0.0,0.0,0.0,0.0,0.0,0.0,0.0,0.0,0.0,0.0,0.0,0.0,0.0,0.0,0.0,0.0,0.0,0.0,0.0,0.0,0.0,0.0,0.0,0.0,0.0,0.0,1.0,2.0,3.0,3.0,4.0,4.0,5.0,8.0,13.0,14.0,15.0,18.0,24.0,26.0,36.0,43.0,50.0,65.0,76.0,89.0,97.0,108.0,127.0,143.0,152.0,168.0,185.0,196.0,206.0,219.0,237.0,253.0,266.0,271.0,272.0,278.0,287.0,304.0,316.0,323.0,327.0,335.0,358.0,358.0,358.0
60,Salford,E08000006,0.0,0.0,0.0,0.0,0.0,0.0,0.0,0.0,0.0,0.0,0.0,0.0,0.0,0.0,0.0,0.0,0.0,0.0,0.0,0.0,0.0,0.0,0.0,0.0,0.0,0.0,0.0,0.0,0.0,0.0,0.0,0.0,0.0,0.0,0.0,0.0,0.0,0.0,0.0,0.0,0.0,0.0,0.0,0.0,0.0,0.0,1.0,1.0,2.0,4.0,4.0,4.0,9.0,11.0,14.0,21.0,30.0,38.0,45.0,56.0,72.0,78.0,96.0,108.0,126.0,140.0,161.0,190.0,208.0,229.0,241.0,257.0,275.0,303.0,313.0,325.0,329.0,351.0,361.0,372.0,381.0,393.0,412.0,443.0,463.0,475.0,486.0,501.0,503.0,503.0
61,Stockport,E08000007,0.0,0.0,0.0,0.0,0.0,0.0,0.0,0.0,0.0,0.0,0.0,0.0,0.0,0.0,0.0,0.0,0.0,0.0,0.0,0.0,0.0,0.0,0.0,0.0,0.0,0.0,0.0,0.0,0.0,0.0,0.0,0.0,0.0,0.0,0.0,0.0,0.0,1.0,1.0,1.0,1.0,2.0,2.0,2.0,2.0,2.0,3.0,5.0,6.0,9.0,12.0,12.0,15.0,21.0,28.0,35.0,37.0,43.0,49.0,55.0,65.0,74.0,89.0,97.0,107.0,119.0,142.0,160.0,193.0,221.0,252.0,278.0,304.0,346.0,374.0,401.0,436.0,469.0,495.0,509.0,546.0,567.0,591.0,612.0,633.0,653.0,667.0,689.0,691.0,699.0
62,Tameside,E08000008,0.0,0.0,0.0,0.0,0.0,0.0,0.0,0.0,0.0,0.0,0.0,0.0,0.0,0.0,0.0,0.0,0.0,0.0,0.0,0.0,0.0,0.0,0.0,0.0,0.0,0.0,0.0,0.0,0.0,0.0,0.0,0.0,0.0,0.0,0.0,0.0,0.0,0.0,0.0,0.0,0.0,0.0,1.0,1.0,1.0,1.0,2.0,3.0,7.0,9.0,11.0,14.0,16.0,19.0,22.0,26.0,28.0,36.0,40.0,43.0,48.0,52.0,60.0,68.0,75.0,88.0,98.0,116.0,131.0,149.0,162.0,177.0,191.0,219.0,229.0,254.0,268.0,278.0,285.0,303.0,322.0,335.0,347.0,363.0,374.0,381.0,387.0,392.0,394.0,394.0
63,Trafford,E08000009,0.0,0.0,0.0,0.0,0.0,0.0,0.0,0.0,0.0,0.0,0.0,0.0,0.0,0.0,0.0,0.0,0.0,0.0,0.0,0.0,0.0,0.0,0.0,0.0,0.0,0.0,0.0,0.0,0.0,0.0,0.0,0.0,0.0,0.0,0.0,0.0,0.0,0.0,3.0,3.0,4.0,4.0,4.0,4.0,4.0,4.0,7.0,7.0,10.0,12.0,13.0,15.0,16.0,16.0,21.0,25.0,32.0,36.0,45.0,50.0,60.0,70.0,85.0,93.0,106.0,114.0,133.0,146.0,174.0,201.0,227.0,243.0,262.0,284.0,303.0,333.0,349.0,371.0,385.0,395.0,404.0,425.0,433.0,451.0,461.0,475.0,483.0,498.0,504.0,504.0
64,Wigan,E08000010,0.0,0.0,0.0,0.0,0.0,0.0,0.0,0.0,0.0,0.0,0.0,0.0,0.0,0.0,0.0,0.0,0.0,0.0,0.0,0.0,0.0,0.0,0.0,0.0,0.0,0.0,0.0,0.0,0.0,0.0,0.0,0.0,0.0,0.0,0.0,1.0,1.0,1.0,1.0,3.0,3.0,4.0,4.0,4.0,4.0,4.0,4.0,4.0,5.0,5.0,6.0,7.0,7.0,8.0,10.0,10.0,11.0,15.0,16.0,19.0,25.0,31.0,46.0,59.0,66.0,80.0,99.0,123.0,136.0,160.0,184.0,198.0,213.0,230.0,254.0,269.0,282.0,299.0,325.0,334.0,354.0,374.0,395.0,420.0,440.0,457.0,475.0,503.0,505.0,505.0
65,Knowsley,E08000011,0.0,0.0,0.0,0.0,0.0,0.0,0.0,0.0,0.0,0.0,0.0,0.0,0.0,0.0,0.0,0.0,0.0,0.0,0.0,0.0,0.0,0.0,0.0,0.0,0.0,0.0,0.0,0.0,0.0,0.0,0.0,0.0,0.0,0.0,0.0,0.0,0.0,0.0,0.0,0.0,0.0,0.0,0.0,0.0,0.0,0.0,0.0,0.0,1.0,1.0,1.0,3.0,3.0,3.0,5.0,5.0,6.0,9.0,11.0,12.0,16.0,26.0,33.0,40.0,50.0,62.0,84.0,97.0,115.0,137.0,158.0,173.0,187.0,218.0,233.0,251.0,280.0,292.0,308.0,316.0,332.0,340.0,365.0,385.0,411.0,417.0,425.0,439.0,440.0,440.0
66,Liverpool,E08000012,0.0,0.0,0.0,0.0,0.0,0.0,0.0,0.0,0.0,0.0,0.0,0.0,0.0,0.0,0.0,0.0,0.0,0.0,0.0,0.0,0.0,0.0,0.0,0.0,0.0,0.0,0.0,0.0,0.0,0.0,0.0,0.0,0.0,0.0,0.0,0.0,0.0,0.0,1.0,3.0,3.0,3.0,4.0,5.0,5.0,5.0,6.0,6.0,9.0,11.0,13.0,13.0,16.0,20.0,29.0,35.0,45.0,59.0,72.0,90.0,115.0,139.0,173.0,200.0,227.0,263.0,306.0,347.0,394.0,449.0,508.0,555.0,601.0,653.0,719.0,793.0,859.0,893.0,933.0,968.0,1005.0,1034.0,1072.0,1116.0,1152.0,1171.0,1192.0,1220.0,1234.0,1234.0
67,St. Helens,E08000013,0.0,0.0,0.0,0.0,0.0,0.0,0.0,0.0,0.0,0.0,0.0,0.0,0.0,0.0,0.0,0.0,0.0,0.0,0.0,0.0,0.0,0.0,0.0,0.0,0.0,0.0,0.0,0.0,0.0,0.0,0.0,0.0,0.0,0.0,0.0,0.0,0.0,0.0,0.0,0.0,0.0,0.0,0.0,0.0,0.0,0.0,0.0,1.0,1.0,2.0,2.0,3.0,3.0,3.0,5.0,6.0,10.0,12.0,14.0,18.0,29.0,39.0,51.0,65.0,75.0,95.0,118.0,136.0,164.0,190.0,220.0,248.0,268.0,296.0,324.0,340.0,361.0,372.0,382.0,396.0,405.0,414.0,441.0,464.0,486.0,495.0,498.0,510.0,510.0,510.0
68,Sefton,E08000014,0.0,0.0,0.0,0.0,0.0,0.0,0.0,0.0,0.0,0.0,0.0,0.0,0.0,0.0,0.0,0.0,0.0,0.0,0.0,0.0,0.0,0.0,0.0,0.0,0.0,0.0,0.0,0.0,0.0,0.0,0.0,0.0,0.0,0.0,0.0,0.0,0.0,0.0,0.0,0.0,0.0,0.0,0.0,0.0,0.0,1.0,1.0,1.0,3.0,3.0,5.0,6.0,6.0,7.0,8.0,12.0,14.0,16.0,20.0,27.0,34.0,52.0,64.0,80.0,92.0,104.0,123.0,156.0,184.0,216.0,260.0,293.0,320.0,356.0,394.0,427.0,460.0,474.0,501.0,522.0,554.0,583.0,615.0,633.0,658.0,670.0,682.0,695.0,699.0,699.0
69,Wirral,E08000015,0.0,0.0,0.0,0.0,0.0,0.0,0.0,0.0,0.0,0.0,0.0,0.0,0.0,0.0,0.0,0.0,0.0,0.0,0.0,0.0,0.0,0.0,0.0,0.0,0.0,0.0,0.0,0.0,0.0,0.0,0.0,0.0,0.0,0.0,0.0,0.0,0.0,1.0,1.0,1.0,1.0,1.0,1.0,1.0,3.0,3.0,3.0,4.0,5.0,6.0,8.0,8.0,10.0,10.0,10.0,11.0,13.0,16.0,21.0,28.0,38.0,44.0,55.0,70.0,83.0,105.0,123.0,139.0,157.0,209.0,253.0,295.0,338.0,385.0,433.0,481.0,521.0,551.0,586.0,613.0,648.0,694.0,732.0,758.0,788.0,807.0,834.0,846.0,847.0,847.0
70,Barnsley,E08000016,0.0,0.0,0.0,0.0,0.0,0.0,0.0,0.0,0.0,0.0,1.0,1.0,1.0,1.0,1.0,1.0,1.0,1.0,1.0,1.0,1.0,1.0,1.0,1.0,1.0,1.0,1.0,1.0,1.0,1.0,1.0,1.0,1.0,1.0,1.0,1.0,1.0,1.0,2.0,3.0,3.0,3.0,3.0,3.0,3.0,3.0,3.0,4.0,4.0,4.0,6.0,7.0,7.0,9.0,12.0,17.0,18.0,22.0,29.0,42.0,58.0,68.0,89.0,104.0,118.0,131.0,146.0,179.0,205.0,219.0,228.0,240.0,242.0,255.0,276.0,292.0,311.0,336.0,360.0,381.0,413.0,440.0,451.0,460.0,476.0,484.0,488.0,488.0,495.0,495.0
71,Doncaster,E08000017,0.0,0.0,0.0,0.0,0.0,0.0,0.0,0.0,0.0,0.0,0.0,0.0,0.0,0.0,0.0,0.0,0.0,0.0,0.0,0.0,0.0,0.0,0.0,0.0,0.0,0.0,0.0,0.0,0.0,0.0,0.0,0.0,0.0,0.0,0.0,0.0,0.0,0.0,0.0,0.0,0.0,0.0,0.0,0.0,0.0,0.0,2.0,2.0,2.0,2.0,2.0,2.0,4.0,6.0,7.0,11.0,15.0,15.0,23.0,26.0,35.0,46.0,55.0,59.0,78.0,94.0,113.0,127.0,144.0,155.0,171.0,178.0,178.0,179.0,187.0,202.0,227.0,231.0,239.0,247.0,256.0,259.0,279.0,300.0,318.0,324.0,324.0,325.0,326.0,326.0
72,Rotherham,E08000018,0.0,0.0,0.0,0.0,0.0,0.0,0.0,0.0,0.0,0.0,0.0,0.0,0.0,0.0,0.0,0.0,0.0,0.0,0.0,0.0,0.0,0.0,0.0,0.0,0.0,0.0,0.0,0.0,0.0,0.0,0.0,0.0,0.0,0.0,0.0,0.0,0.0,0.0,1.0,1.0,1.0,1.0,1.0,1.0,1.0,3.0,4.0,4.0,4.0,5.0,5.0,5.0,6.0,8.0,10.0,12.0,15.0,19.0,28.0,38.0,50.0,59.0,75.0,85.0,101.0,128.0,155.0,184.0,206.0,221.0,239.0,250.0,259.0,267.0,288.0,309.0,328.0,350.0,360.0,384.0,419.0,439.0,469.0,483.0,504.0,525.0,530.0,530.0,537.0,537.0
73,Sheffield,E08000019,0.0,0.0,0.0,0.0,0.0,0.0,0.0,0.0,0.0,0.0,0.0,0.0,0.0,0.0,0.0,0.0,0.0,0.0,0.0,0.0,0.0,0.0,0.0,0.0,0.0,0.0,0.0,0.0,0.0,0.0,0.0,0.0,0.0,0.0,0.0,0.0,1.0,2.0,2.0,3.0,4.0,6.0,6.0,9.0,12.0,12.0,18.0,18.0,20.0,24.0,30.0,36.0,50.0,63.0,81.0,107.0,132.0,169.0,212.0,273.0,332.0,380.0,427.0,454.0,519.0,581.0,656.0,766.0,829.0,882.0,925.0,967.0,1033.0,1097.0,1146.0,1196.0,1249.0,1306.0,1358.0,1392.0,1462.0,1510.0,1586.0,1633.0,1669.0,1726.0,1741.0,1747.0,1751.0,1751.0
74,Newcastle upon Tyne,E08000021,0.0,0.0,0.0,0.0,0.0,0.0,0.0,0.0,0.0,0.0,0.0,0.0,0.0,0.0,0.0,0.0,0.0,0.0,0.0,0.0,0.0,0.0,0.0,0.0,0.0,0.0,0.0,0.0,0.0,0.0,0.0,0.0,0.0,0.0,0.0,0.0,0.0,0.0,1.0,1.0,2.0,3.0,3.0,4.0,4.0,4.0,5.0,5.0,5.0,7.0,9.0,13.0,13.0,19.0,22.0,27.0,35.0,44.0,49.0,67.0,87.0,106.0,125.0,145.0,157.0,187.0,206.0,240.0,281.0,312.0,344.0,367.0,391.0,430.0,470.0,500.0,541.0,570.0,590.0,607.0,627.0,657.0,674.0,695.0,713.0,730.0,747.0,764.0,781.0,781.0
75,North Tyneside,E08000022,0.0,0.0,0.0,0.0,0.0,0.0,0.0,0.0,0.0,0.0,0.0,0.0,0.0,0.0,0.0,0.0,0.0,0.0,0.0,0.0,0.0,0.0,0.0,0.0,0.0,0.0,0.0,0.0,0.0,0.0,0.0,0.0,0.0,0.0,0.0,0.0,0.0,0.0,0.0,0.0,0.0,1.0,1.0,1.0,1.0,2.0,2.0,2.0,2.0,5.0,6.0,6.0,7.0,8.0,11.0,14.0,17.0,17.0,19.0,23.0,27.0,31.0,37.0,48.0,65.0,72.0,75.0,94.0,129.0,143.0,156.0,180.0,198.0,230.0,256.0,274.0,290.0,298.0,314.0,321.0,335.0,346.0,357.0,367.0,379.0,396.0,400.0,407.0,412.0,412.0
76,South Tyneside,E08000023,0.0,0.0,0.0,0.0,0.0,0.0,0.0,0.0,0.0,0.0,0.0,0.0,0.0,0.0,0.0,0.0,0.0,0.0,0.0,0.0,0.0,0.0,0.0,0.0,0.0,0.0,0.0,0.0,0.0,0.0,0.0,0.0,0.0,0.0,0.0,0.0,0.0,0.0,0.0,0.0,0.0,0.0,0.0,0.0,0.0,0.0,0.0,0.0,0.0,0.0,0.0,1.0,2.0,2.0,3.0,4.0,6.0,8.0,8.0,10.0,15.0,19.0,21.0,28.0,29.0,34.0,47.0,60.0,69.0,82.0,99.0,111.0,126.0,149.0,168.0,187.0,199.0,217.0,229.0,238.0,254.0,281.0,303.0,333.0,357.0,370.0,377.0,402.0,419.0,425.0
77,Sunderland,E08000024,0.0,0.0,0.0,0.0,0.0,0.0,0.0,0.0,0.0,0.0,0.0,0.0,0.0,0.0,0.0,0.0,0.0,0.0,0.0,0.0,0.0,0.0,0.0,0.0,0.0,0.0,0.0,0.0,0.0,0.0,0.0,0.0,0.0,0.0,0.0,0.0,0.0,0.0,0.0,0.0,0.0,0.0,0.0,1.0,1.0,1.0,1.0,1.0,1.0,1.0,1.0,3.0,5.0,5.0,6.0,9.0,12.0,17.0,19.0,25.0,43.0,53.0,64.0,73.0,77.0,88.0,117.0,163.0,206.0,243.0,291.0,337.0,386.0,446.0,495.0,546.0,593.0,630.0,677.0,706.0,740.0,770.0,820.0,844.0,882.0,915.0,943.0,999.0,1020.0,1026.0
78,Birmingham,E08000025,0.0,0.0,0.0,0.0,0.0,0.0,0.0,0.0,0.0,0.0,0.0,0.0,0.0,0.0,0.0,0.0,0.0,0.0,0.0,0.0,0.0,0.0,0.0,0.0,0.0,0.0,0.0,0.0,0.0,0.0,0.0,0.0,0.0,0.0,0.0,0.0,0.0,1.0,2.0,2.0,2.0,3.0,3.0,3.0,4.0,5.0,9.0,15.0,22.0,36.0,43.0,55.0,70.0,94.0,126.0,161.0,213.0,243.0,269.0,334.0,401.0,460.0,554.0,624.0,704.0,809.0,932.0,1063.0,1171.0,1273.0,1353.0,1435.0,1505.0,1569.0,1654.0,1742.0,1803.0,1868.0,1899.0,1949.0,1994.0,2076.0,2155.0,2235.0,2324.0,2383.0,2434.0,2473.0,2482.0,2483.0
79,Coventry,E08000026,0.0,0.0,0.0,0.0,0.0,0.0,0.0,0.0,0.0,0.0,0.0,0.0,0.0,0.0,0.0,0.0,0.0,0.0,0.0,0.0,0.0,0.0,0.0,0.0,0.0,0.0,0.0,0.0,0.0,0.0,0.0,0.0,0.0,0.0,0.0,0.0,0.0,0.0,0.0,0.0,0.0,1.0,2.0,2.0,3.0,3.0,3.0,5.0,7.0,7.0,7.0,7.0,13.0,17.0,21.0,26.0,27.0,36.0,42.0,53.0,72.0,88.0,107.0,120.0,138.0,155.0,178.0,207.0,235.0,255.0,277.0,295.0,305.0,330.0,352.0,362.0,387.0,402.0,417.0,438.0,456.0,469.0,491.0,507.0,527.0,539.0,544.0,566.0,567.0,567.0
80,Dudley,E08000027,0.0,0.0,0.0,0.0,0.0,0.0,0.0,0.0,0.0,0.0,0.0,0.0,0.0,0.0,0.0,0.0,0.0,0.0,0.0,0.0,0.0,0.0,0.0,0.0,0.0,0.0,0.0,0.0,0.0,0.0,0.0,0.0,0.0,0.0,0.0,0.0,0.0,0.0,0.0,0.0,0.0,0.0,0.0,1.0,1.0,3.0,4.0,4.0,8.0,9.0,11.0,15.0,18.0,20.0,26.0,36.0,47.0,53.0,62.0,79.0,92.0,109.0,133.0,147.0,164.0,188.0,216.0,238.0,256.0,286.0,302.0,329.0,349.0,367.0,386.0,402.0,415.0,443.0,463.0,475.0,491.0,501.0,525.0,561.0,580.0,608.0,620.0,634.0,643.0,643.0
81,Sandwell,E08000028,0.0,0.0,0.0,0.0,0.0,0.0,0.0,0.0,0.0,0.0,0.0,0.0,0.0,0.0,0.0,0.0,0.0,0.0,0.0,0.0,0.0,0.0,0.0,0.0,0.0,0.0,0.0,0.0,0.0,0.0,0.0,0.0,0.0,0.0,0.0,0.0,0.0,0.0,0.0,0.0,0.0,0.0,0.0,0.0,0.0,0.0,0.0,2.0,6.0,8.0,11.0,15.0,20.0,22.0,29.0,47.0,53.0,60.0,73.0,95.0,112.0,129.0,143.0,162.0,180.0,209.0,244.0,279.0,309.0,346.0,377.0,396.0,420.0,443.0,471.0,505.0,530.0,566.0,578.0,596.0,630.0,660.0,698.0,731.0,756.0,778.0,799.0,821.0,831.0,831.0
82,Solihull,E08000029,0.0,0.0,0.0,0.0,0.0,0.0,0.0,0.0,0.0,0.0,0.0,0.0,0.0,0.0,0.0,0.0,0.0,0.0,0.0,0.0,0.0,0.0,0.0,0.0,0.0,0.0,0.0,0.0,0.0,0.0,0.0,0.0,0.0,0.0,0.0,0.0,0.0,0.0,0.0,0.0,0.0,0.0,0.0,0.0,0.0,0.0,0.0,1.0,1.0,1.0,1.0,1.0,3.0,4.0,5.0,10.0,14.0,18.0,21.0,30.0,45.0,61.0,78.0,95.0,124.0,137.0,151.0,168.0,183.0,208.0,228.0,251.0,261.0,273.0,292.0,306.0,325.0,347.0,360.0,367.0,377.0,396.0,415.0,426.0,436.0,447.0,454.0,476.0,476.0,476.0
83,Walsall,E08000030,0.0,0.0,0.0,0.0,0.0,0.0,0.0,0.0,0.0,0.0,0.0,0.0,0.0,0.0,0.0,0.0,0.0,0.0,0.0,0.0,0.0,0.0,0.0,0.0,0.0,0.0,0.0,0.0,0.0,0.0,0.0,0.0,0.0,0.0,0.0,0.0,0.0,1.0,1.0,1.0,1.0,1.0,1.0,1.0,1.0,1.0,2.0,7.0,14.0,16.0,18.0,22.0,23.0,27.0,32.0,40.0,49.0,61.0,71.0,90.0,106.0,122.0,141.0,160.0,195.0,216.0,243.0,273.0,309.0,357.0,384.0,410.0,427.0,460.0,493.0,512.0,544.0,565.0,574.0,587.0,609.0,631.0,650.0,673.0,706.0,718.0,725.0,742.0,753.0,753.0
84,Wolverhampton,E08000031,0.0,0.0,0.0,0.0,0.0,0.0,0.0,0.0,0.0,0.0,0.0,0.0,0.0,0.0,0.0,0.0,0.0,0.0,0.0,0.0,0.0,0.0,0.0,0.0,0.0,0.0,0.0,0.0,0.0,0.0,0.0,0.0,0.0,0.0,0.0,0.0,0.0,0.0,0.0,0.0,0.0,1.0,1.0,4.0,5.0,5.0,8.0,13.0,18.0,29.0,37.0,40.0,44.0,59.0,65.0,72.0,87.0,98.0,103.0,112.0,136.0,147.0,160.0,186.0,204.0,216.0,237.0,260.0,279.0,296.0,307.0,327.0,337.0,359.0,374.0,406.0,425.0,450.0,460.0,469.0,497.0,514.0,530.0,555.0,582.0,598.0,610.0,632.0,640.0,640.0
85,Bradford,E08000032,0.0,0.0,0.0,0.0,0.0,0.0,0.0,0.0,0.0,0.0,0.0,0.0,0.0,0.0,0.0,0.0,0.0,0.0,0.0,0.0,0.0,0.0,0.0,0.0,0.0,0.0,0.0,0.0,0.0,0.0,0.0,0.0,0.0,0.0,0.0,0.0,0.0,1.0,1.0,1.0,1.0,1.0,1.0,1.0,1.0,1.0,3.0,3.0,5.0,5.0,7.0,7.0,7.0,10.0,12.0,12.0,14.0,17.0,20.0,26.0,35.0,42.0,52.0,72.0,86.0,106.0,129.0,149.0,170.0,189.0,213.0,234.0,262.0,297.0,330.0,367.0,395.0,413.0,430.0,452.0,465.0,482.0,521.0,537.0,569.0,589.0,596.0,616.0,638.0,647.0
86,Calderdale,E08000033,0.0,0.0,0.0,0.0,0.0,0.0,0.0,0.0,0.0,0.0,0.0,0.0,0.0,0.0,0.0,0.0,0.0,0.0,0.0,0.0,0.0,0.0,0.0,0.0,0.0,0.0,0.0,0.0,0.0,0.0,0.0,0.0,0.0,0.0,0.0,0.0,0.0,0.0,0.0,0.0,0.0,0.0,0.0,0.0,0.0,0.0,1.0,3.0,3.0,3.0,3.0,3.0,5.0,5.0,5.0,5.0,5.0,7.0,7.0,9.0,10.0,14.0,20.0,26.0,31.0,40.0,52.0,57.0,63.0,74.0,86.0,94.0,97.0,107.0,113.0,122.0,128.0,139.0,142.0,150.0,156.0,163.0,175.0,180.0,188.0,192.0,194.0,198.0,201.0,204.0
87,Kirklees,E08000034,0.0,0.0,0.0,0.0,0.0,0.0,0.0,0.0,0.0,0.0,0.0,0.0,0.0,0.0,0.0,0.0,0.0,0.0,0.0,0.0,0.0,0.0,0.0,0.0,0.0,0.0,0.0,0.0,0.0,0.0,0.0,0.0,0.0,0.0,0.0,0.0,0.0,0.0,0.0,0.0,0.0,0.0,0.0,0.0,0.0,1.0,2.0,3.0,3.0,3.0,3.0,4.0,6.0,7.0,12.0,14.0,18.0,21.0,24.0,28.0,34.0,44.0,55.0,65.0,74.0,89.0,108.0,127.0,151.0,173.0,194.0,208.0,220.0,248.0,274.0,295.0,310.0,322.0,337.0,343.0,362.0,386.0,398.0,417.0,428.0,440.0,451.0,457.0,465.0,466.0
88,Leeds,E08000035,0.0,0.0,0.0,0.0,0.0,0.0,0.0,0.0,0.0,0.0,0.0,0.0,0.0,0.0,0.0,0.0,0.0,0.0,0.0,0.0,0.0,0.0,0.0,0.0,0.0,0.0,0.0,0.0,0.0,0.0,0.0,0.0,0.0,0.0,0.0,1.0,1.0,2.0,2.0,2.0,3.0,3.0,3.0,5.0,5.0,8.0,8.0,11.0,12.0,12.0,12.0,14.0,15.0,18.0,22.0,28.0,35.0,41.0,52.0,68.0,86.0,97.0,118.0,139.0,165.0,186.0,213.0,237.0,268.0,298.0,335.0,352.0,388.0,437.0,502.0,547.0,589.0,636.0,671.0,709.0,737.0,772.0,825.0,877.0,927.0,960.0,993.0,1032.0,1048.0,1049.0
89,Wakefield,E08000036,0.0,0.0,0.0,0.0,0.0,0.0,0.0,0.0,0.0,0.0,0.0,0.0,0.0,0.0,0.0,0.0,0.0,0.0,0.0,0.0,0.0,0.0,0.0,0.0,0.0,0.0,0.0,0.0,0.0,0.0,0.0,0.0,0.0,0.0,0.0,0.0,0.0,0.0,0.0,0.0,0.0,0.0,0.0,0.0,0.0,0.0,0.0,1.0,5.0,5.0,5.0,5.0,5.0,5.0,9.0,10.0,12.0,14.0,19.0,26.0,33.0,44.0,58.0,65.0,78.0,89.0,100.0,116.0,133.0,150.0,178.0,189.0,210.0,234.0,257.0,282.0,295.0,309.0,317.0,335.0,350.0,365.0,384.0,395.0,407.0,420.0,427.0,439.0,441.0,441.0
90,Gateshead,E08000037,0.0,0.0,0.0,0.0,0.0,0.0,0.0,0.0,0.0,0.0,0.0,0.0,0.0,0.0,0.0,0.0,0.0,0.0,0.0,0.0,0.0,0.0,0.0,0.0,0.0,0.0,0.0,0.0,0.0,0.0,0.0,0.0,0.0,0.0,0.0,0.0,0.0,0.0,0.0,0.0,0.0,0.0,0.0,0.0,0.0,0.0,0.0,0.0,1.0,1.0,1.0,1.0,1.0,2.0,2.0,2.0,3.0,5.0,5.0,10.0,17.0,18.0,28.0,32.0,45.0,53.0,83.0,102.0,135.0,158.0,177.0,208.0,228.0,270.0,314.0,358.0,394.0,427.0,453.0,473.0,493.0,518.0,539.0,553.0,573.0,598.0,614.0,628.0,654.0,668.0
91,City of London,E09000001,0.0,0.0,0.0,0.0,0.0,0.0,0.0,0.0,0.0,0.0,0.0,0.0,0.0,0.0,0.0,0.0,0.0,0.0,0.0,0.0,0.0,0.0,0.0,0.0,0.0,0.0,0.0,0.0,0.0,0.0,0.0,0.0,0.0,0.0,0.0,0.0,0.0,0.0,0.0,0.0,0.0,0.0,0.0,0.0,0.0,0.0,0.0,0.0,0.0,0.0,0.0,0.0,0.0,0.0,0.0,0.0,5.0,5.0,5.0,5.0,5.0,5.0,6.0,7.0,7.0,8.0,10.0,11.0,11.0,11.0,11.0,11.0,11.0,11.0,11.0,13.0,13.0,13.0,13.0,13.0,13.0,13.0,13.0,13.0,13.0,13.0,13.0,15.0,16.0,16.0
92,Barking and Dagenham,E09000002,0.0,0.0,0.0,0.0,0.0,0.0,0.0,0.0,0.0,0.0,0.0,0.0,0.0,0.0,0.0,0.0,0.0,0.0,0.0,0.0,0.0,0.0,0.0,0.0,0.0,0.0,0.0,0.0,0.0,0.0,0.0,0.0,0.0,0.0,0.0,0.0,0.0,1.0,1.0,1.0,1.0,1.0,1.0,1.0,2.0,3.0,3.0,4.0,8.0,9.0,10.0,15.0,19.0,24.0,29.0,33.0,42.0,52.0,60.0,71.0,83.0,94.0,101.0,113.0,124.0,135.0,146.0,164.0,185.0,207.0,222.0,228.0,244.0,255.0,277.0,295.0,310.0,320.0,324.0,339.0,356.0,369.0,380.0,390.0,399.0,404.0,415.0,423.0,428.0,428.0
93,Barnet,E09000003,0.0,0.0,0.0,0.0,0.0,0.0,0.0,0.0,0.0,0.0,0.0,0.0,0.0,0.0,0.0,0.0,0.0,0.0,0.0,0.0,0.0,0.0,0.0,1.0,1.0,1.0,1.0,1.0,1.0,1.0,1.0,1.0,1.0,1.0,1.0,2.0,2.0,3.0,3.0,3.0,7.0,8.0,9.0,9.0,10.0,13.0,16.0,27.0,32.0,38.0,44.0,54.0,65.0,72.0,86.0,112.0,133.0,151.0,176.0,206.0,245.0,290.0,345.0,399.0,433.0,463.0,505.0,550.0,587.0,652.0,690.0,728.0,768.0,805.0,849.0,898.0,932.0,953.0,973.0,990.0,1012.0,1032.0,1053.0,1066.0,1080.0,1092.0,1101.0,1110.0,1119.0,1119.0
94,Bexley,E09000004,0.0,0.0,0.0,0.0,0.0,0.0,0.0,0.0,0.0,0.0,0.0,0.0,0.0,0.0,0.0,0.0,0.0,0.0,0.0,0.0,0.0,0.0,0.0,0.0,0.0,0.0,0.0,0.0,0.0,0.0,0.0,0.0,0.0,0.0,0.0,0.0,0.0,0.0,0.0,0.0,0.0,0.0,0.0,0.0,0.0,2.0,4.0,8.0,13.0,17.0,20.0,21.0,25.0,31.0,36.0,41.0,49.0,53.0,63.0,80.0,93.0,112.0,123.0,142.0,152.0,166.0,181.0,201.0,230.0,247.0,272.0,294.0,312.0,336.0,376.0,392.0,408.0,422.0,435.0,441.0,451.0,474.0,486.0,507.0,518.0,527.0,542.0,555.0,560.0,560.0
95,Brent,E09000005,0.0,0.0,0.0,0.0,0.0,0.0,0.0,0.0,0.0,0.0,0.0,0.0,0.0,0.0,0.0,0.0,0.0,0.0,0.0,0.0,0.0,0.0,0.0,0.0,0.0,0.0,0.0,0.0,0.0,0.0,0.0,0.0,0.0,0.0,0.0,1.0,1.0,1.0,1.0,1.0,1.0,1.0,1.0,2.0,3.0,6.0,10.0,20.0,30.0,33.0,40.0,48.0,58.0,81.0,103.0,125.0,146.0,164.0,190.0,236.0,264.0,310.0,354.0,402.0,434.0,487.0,544.0,589.0,644.0,702.0,758.0,807.0,844.0,881.0,909.0,952.0,980.0,1020.0,1042.0,1068.0,1094.0,1128.0,1154.0,1188.0,1218.0,1242.0,1256.0,1272.0,1276.0,1276.0
96,Bromley,E09000006,0.0,0.0,0.0,0.0,0.0,0.0,0.0,0.0,0.0,0.0,0.0,0.0,0.0,0.0,0.0,0.0,0.0,0.0,0.0,0.0,0.0,0.0,0.0,0.0,0.0,0.0,0.0,0.0,0.0,0.0,0.0,0.0,0.0,0.0,0.0,0.0,0.0,1.0,1.0,1.0,1.0,1.0,1.0,1.0,2.0,3.0,5.0,10.0,16.0,20.0,26.0,34.0,40.0,49.0,62.0,68.0,86.0,102.0,126.0,161.0,191.0,216.0,245.0,275.0,307.0,329.0,368.0,412.0,461.0,498.0,528.0,561.0,587.0,624.0,660.0,703.0,734.0,757.0,780.0,791.0,822.0,842.0,866.0,891.0,913.0,925.0,934.0,946.0,953.0,953.0
97,Camden,E09000007,0.0,0.0,0.0,0.0,0.0,0.0,0.0,0.0,0.0,0.0,0.0,0.0,0.0,0.0,0.0,0.0,0.0,0.0,0.0,0.0,0.0,0.0,0.0,0.0,0.0,0.0,0.0,0.0,0.0,0.0,0.0,0.0,0.0,0.0,0.0,0.0,0.0,0.0,2.0,2.0,2.0,2.0,3.0,4.0,6.0,8.0,10.0,20.0,25.0,30.0,31.0,34.0,37.0,41.0,51.0,56.0,62.0,77.0,88.0,103.0,123.0,145.0,173.0,193.0,204.0,210.0,227.0,245.0,264.0,289.0,308.0,330.0,346.0,363.0,382.0,404.0,421.0,431.0,440.0,448.0,461.0,470.0,490.0,500.0,510.0,524.0,529.0,536.0,537.0,537.0
98,Croydon,E09000008,0.0,0.0,0.0,0.0,0.0,0.0,0.0,0.0,0.0,0.0,0.0,0.0,0.0,0.0,0.0,0.0,0.0,0.0,0.0,0.0,0.0,0.0,0.0,0.0,0.0,0.0,0.0,0.0,0.0,0.0,0.0,0.0,0.0,0.0,0.0,0.0,0.0,0.0,0.0,0.0,0.0,0.0,0.0,1.0,1.0,2.0,2.0,7.0,15.0,19.0,33.0,39.0,52.0,73.0,88.0,97.0,122.0,147.0,171.0,207.0,234.0,277.0,321.0,363.0,385.0,411.0,467.0,514.0,569.0,649.0,697.0,742.0,778.0,820.0,865.0,921.0,964.0,989.0,1011.0,1037.0,1063.0,1111.0,1147.0,1178.0,1197.0,1221.0,1229.0,1252.0,1253.0,1253.0
99,Ealing,E09000009,0.0,0.0,0.0,0.0,0.0,0.0,0.0,0.0,0.0,0.0,0.0,0.0,0.0,0.0,0.0,0.0,0.0,0.0,0.0,0.0,1.0,1.0,1.0,1.0,1.0,1.0,1.0,1.0,1.0,1.0,1.0,1.0,1.0,1.0,1.0,1.0,1.0,2.0,3.0,4.0,5.0,6.0,6.0,7.0,8.0,8.0,13.0,23.0,27.0,30.0,32.0,40.0,54.0,63.0,81.0,99.0,115.0,126.0,144.0,173.0,207.0,243.0,273.0,310.0,330.0,355.0,383.0,422.0,448.0,489.0,519.0,545.0,559.0,589.0,633.0,669.0,699.0,744.0,770.0,790.0,823.0,850.0,892.0,908.0,925.0,938.0,949.0,968.0,973.0,973.0
100,Enfield,E09000010,0.0,0.0,0.0,0.0,0.0,0.0,0.0,0.0,0.0,0.0,0.0,0.0,0.0,0.0,0.0,0.0,0.0,0.0,0.0,0.0,0.0,0.0,0.0,0.0,1.0,1.0,1.0,1.0,1.0,1.0,1.0,1.0,1.0,1.0,1.0,1.0,1.0,1.0,1.0,1.0,1.0,1.0,2.0,2.0,3.0,4.0,9.0,11.0,17.0,21.0,28.0,30.0,32.0,44.0,51.0,66.0,86.0,94.0,112.0,133.0,157.0,178.0,193.0,208.0,228.0,237.0,263.0,289.0,316.0,342.0,368.0,387.0,399.0,433.0,466.0,497.0,527.0,552.0,573.0,595.0,609.0,644.0,655.0,673.0,703.0,713.0,720.0,744.0,755.0,755.0
101,Greenwich,E09000011,0.0,0.0,0.0,0.0,0.0,0.0,0.0,0.0,0.0,0.0,0.0,0.0,0.0,0.0,0.0,0.0,0.0,0.0,0.0,0.0,0.0,0.0,0.0,0.0,0.0,0.0,0.0,0.0,0.0,0.0,0.0,0.0,0.0,0.0,0.0,0.0,0.0,0.0,0.0,0.0,0.0,0.0,0.0,1.0,1.0,1.0,4.0,8.0,14.0,19.0,21.0,27.0,32.0,46.0,58.0,64.0,78.0,96.0,102.0,115.0,132.0,151.0,162.0,180.0,196.0,208.0,221.0,251.0,280.0,303.0,326.0,339.0,360.0,397.0,413.0,436.0,454.0,468.0,479.0,492.0,503.0,532.0,546.0,555.0,563.0,569.0,573.0,582.0,587.0,587.0
102,Hackney,E09000012,0.0,0.0,0.0,0.0,0.0,0.0,0.0,0.0,0.0,0.0,0.0,0.0,0.0,0.0,0.0,0.0,0.0,0.0,0.0,0.0,0.0,0.0,0.0,0.0,0.0,0.0,1.0,1.0,1.0,1.0,1.0,1.0,1.0,1.0,1.0,1.0,1.0,1.0,1.0,1.0,1.0,1.0,2.0,2.0,3.0,5.0,6.0,14.0,20.0,23.0,28.0,30.0,36.0,43.0,48.0,56.0,65.0,70.0,84.0,104.0,124.0,140.0,163.0,178.0,190.0,204.0,222.0,253.0,285.0,323.0,348.0,372.0,392.0,415.0,442.0,459.0,475.0,489.0,504.0,514.0,522.0,529.0,541.0,547.0,556.0,561.0,566.0,578.0,580.0,580.0
103,Hammersmith and Fulham,E09000013,0.0,0.0,0.0,0.0,0.0,0.0,0.0,0.0,0.0,0.0,0.0,0.0,0.0,0.0,0.0,0.0,0.0,0.0,0.0,0.0,0.0,0.0,0.0,0.0,0.0,0.0,0.0,0.0,0.0,0.0,0.0,0.0,0.0,0.0,0.0,0.0,0.0,0.0,0.0,0.0,1.0,1.0,3.0,3.0,3.0,6.0,9.0,20.0,21.0,24.0,26.0,29.0,32.0,40.0,49.0,52.0,60.0,72.0,86.0,100.0,114.0,132.0,156.0,164.0,176.0,183.0,195.0,212.0,238.0,260.0,279.0,295.0,305.0,321.0,343.0,362.0,372.0,388.0,392.0,399.0,408.0,417.0,445.0,469.0,484.0,488.0,494.0,502.0,504.0,504.0
104,Haringey,E09000014,0.0,0.0,0.0,0.0,0.0,0.0,0.0,0.0,0.0,0.0,0.0,0.0,0.0,0.0,0.0,0.0,0.0,0.0,0.0,0.0,0.0,0.0,0.0,0.0,0.0,0.0,0.0,0.0,0.0,0.0,0.0,0.0,0.0,0.0,0.0,0.0,0.0,0.0,0.0,0.0,0.0,0.0,0.0,0.0,1.0,3.0,6.0,12.0,19.0,27.0,28.0,32.0,34.0,38.0,51.0,61.0,72.0,83.0,94.0,109.0,128.0,140.0,149.0,167.0,183.0,199.0,219.0,237.0,259.0,286.0,312.0,329.0,337.0,349.0,378.0,391.0,411.0,422.0,431.0,443.0,457.0,467.0,480.0,484.0,489.0,492.0,505.0,507.0,509.0,509.0
105,Harrow,E09000015,0.0,0.0,0.0,0.0,0.0,0.0,0.0,0.0,0.0,0.0,0.0,0.0,0.0,0.0,0.0,0.0,0.0,0.0,0.0,0.0,0.0,0.0,0.0,0.0,0.0,0.0,0.0,0.0,0.0,0.0,0.0,0.0,0.0,0.0,0.0,0.0,0.0,0.0,0.0,1.0,1.0,1.0,1.0,1.0,1.0,6.0,7.0,12.0,20.0,24.0,33.0,39.0,51.0,65.0,88.0,99.0,113.0,131.0,146.0,165.0,191.0,219.0,249.0,289.0,316.0,338.0,367.0,394.0,417.0,448.0,471.0,495.0,521.0,546.0,576.0,602.0,633.0,660.0,676.0,689.0,712.0,727.0,741.0,757.0,775.0,787.0,801.0,813.0,818.0,818.0
106,Havering,E09000016,0.0,0.0,0.0,0.0,0.0,0.0,0.0,0.0,0.0,0.0,0.0,0.0,0.0,0.0,0.0,0.0,0.0,0.0,0.0,0.0,0.0,0.0,0.0,0.0,0.0,0.0,0.0,0.0,0.0,0.0,0.0,0.0,0.0,0.0,0.0,0.0,0.0,0.0,0.0,0.0,0.0,0.0,2.0,2.0,2.0,3.0,3.0,5.0,6.0,7.0,9.0,13.0,15.0,18.0,29.0,36.0,40.0,46.0,58.0,68.0,84.0,98.0,109.0,119.0,125.0,134.0,150.0,176.0,205.0,235.0,267.0,288.0,308.0,330.0,363.0,394.0,419.0,445.0,463.0,482.0,499.0,513.0,529.0,548.0,556.0,565.0,574.0,585.0,587.0,587.0
107,Hillingdon,E09000017,0.0,0.0,0.0,0.0,0.0,0.0,0.0,0.0,0.0,0.0,0.0,0.0,0.0,0.0,0.0,0.0,0.0,0.0,0.0,0.0,0.0,0.0,0.0,0.0,0.0,0.0,0.0,0.0,0.0,0.0,0.0,0.0,0.0,0.0,0.0,0.0,0.0,0.0,1.0,1.0,2.0,4.0,4.0,4.0,6.0,6.0,8.0,11.0,15.0,18.0,19.0,24.0,33.0,49.0,54.0,67.0,78.0,87.0,97.0,114.0,132.0,149.0,169.0,195.0,206.0,224.0,243.0,276.0,298.0,315.0,359.0,376.0,392.0,415.0,442.0,460.0,492.0,512.0,529.0,540.0,558.0,575.0,589.0,603.0,622.0,638.0,648.0,665.0,667.0,667.0
108,Hounslow,E09000018,0.0,0.0,0.0,0.0,0.0,0.0,0.0,0.0,0.0,0.0,0.0,0.0,0.0,0.0,0.0,0.0,0.0,0.0,0.0,0.0,0.0,0.0,0.0,0.0,0.0,0.0,0.0,0.0,0.0,0.0,0.0,0.0,0.0,0.0,0.0,1.0,1.0,2.0,3.0,4.0,4.0,4.0,4.0,4.0,4.0,4.0,6.0,12.0,13.0,18.0,22.0,27.0,36.0,44.0,54.0,67.0,74.0,88.0,96.0,113.0,128.0,145.0,160.0,186.0,194.0,209.0,233.0,255.0,287.0,320.0,344.0,360.0,379.0,397.0,420.0,443.0,467.0,483.0,492.0,502.0,511.0,532.0,545.0,555.0,566.0,576.0,587.0,598.0,601.0,601.0
109,Islington,E09000019,0.0,0.0,0.0,0.0,0.0,0.0,0.0,0.0,0.0,0.0,0.0,0.0,0.0,0.0,0.0,0.0,0.0,0.0,0.0,0.0,0.0,0.0,0.0,0.0,0.0,0.0,0.0,0.0,0.0,0.0,1.0,1.0,1.0,1.0,1.0,1.0,1.0,1.0,1.0,1.0,1.0,1.0,1.0,1.0,2.0,2.0,4.0,6.0,16.0,22.0,27.0,33.0,38.0,45.0,53.0,62.0,65.0,73.0,81.0,104.0,124.0,135.0,143.0,158.0,165.0,176.0,194.0,210.0,227.0,249.0,263.0,276.0,280.0,289.0,301.0,312.0,323.0,327.0,330.0,337.0,343.0,350.0,358.0,364.0,375.0,378.0,378.0,386.0,387.0,387.0
110,Kensington and Chelsea,E09000020,0.0,0.0,0.0,0.0,0.0,0.0,0.0,0.0,0.0,0.0,0.0,0.0,0.0,0.0,0.0,0.0,0.0,0.0,0.0,0.0,0.0,0.0,0.0,0.0,0.0,0.0,0.0,0.0,0.0,0.0,0.0,0.0,0.0,0.0,1.0,2.0,2.0,2.0,6.0,6.0,10.0,16.0,16.0,17.0,19.0,23.0,33.0,43.0,49.0,52.0,55.0,56.0,62.0,69.0,77.0,82.0,87.0,92.0,98.0,106.0,113.0,127.0,149.0,169.0,178.0,187.0,209.0,227.0,243.0,263.0,278.0,285.0,291.0,302.0,321.0,341.0,359.0,370.0,374.0,377.0,384.0,390.0,394.0,403.0,411.0,417.0,417.0,423.0,423.0,423.0
111,Kingston upon Thames,E09000021,0.0,0.0,0.0,0.0,0.0,0.0,0.0,0.0,0.0,0.0,0.0,0.0,0.0,0.0,0.0,0.0,0.0,0.0,0.0,0.0,0.0,0.0,0.0,0.0,0.0,0.0,0.0,0.0,0.0,0.0,0.0,0.0,0.0,0.0,0.0,0.0,1.0,1.0,1.0,1.0,1.0,1.0,1.0,1.0,2.0,2.0,2.0,3.0,4.0,5.0,8.0,10.0,15.0,21.0,23.0,29.0,35.0,36.0,37.0,48.0,64.0,77.0,91.0,102.0,108.0,121.0,140.0,152.0,161.0,177.0,197.0,208.0,217.0,230.0,248.0,269.0,288.0,298.0,302.0,311.0,322.0,338.0,351.0,370.0,379.0,392.0,394.0,401.0,401.0,401.0
112,Lambeth,E09000022,0.0,0.0,0.0,0.0,0.0,0.0,0.0,0.0,0.0,0.0,0.0,0.0,0.0,0.0,0.0,0.0,0.0,0.0,0.0,0.0,0.0,0.0,0.0,0.0,0.0,0.0,0.0,0.0,0.0,0.0,0.0,0.0,0.0,0.0,0.0,0.0,0.0,0.0,0.0,1.0,2.0,2.0,3.0,5.0,5.0,7.0,15.0,29.0,33.0,44.0,54.0,67.0,83.0,104.0,121.0,143.0,174.0,192.0,225.0,253.0,279.0,315.0,358.0,393.0,430.0,457.0,509.0,549.0,598.0,639.0,678.0,709.0,726.0,767.0,807.0,839.0,869.0,885.0,930.0,946.0,962.0,973.0,996.0,1014.0,1024.0,1035.0,1046.0,1060.0,1063.0,1063.0
113,Lewisham,E09000023,0.0,0.0,0.0,0.0,0.0,0.0,0.0,0.0,0.0,0.0,0.0,0.0,0.0,0.0,0.0,0.0,0.0,0.0,1.0,1.0,1.0,1.0,1.0,1.0,1.0,1.0,1.0,1.0,1.0,1.0,1.0,1.0,1.0,1.0,1.0,1.0,1.0,1.0,1.0,1.0,2.0,2.0,2.0,3.0,3.0,3.0,4.0,9.0,18.0,21.0,23.0,29.0,40.0,48.0,57.0,73.0,95.0,103.0,122.0,149.0,164.0,188.0,213.0,247.0,268.0,293.0,320.0,358.0,393.0,446.0,492.0,520.0,548.0,592.0,621.0,644.0,676.0,684.0,698.0,710.0,738.0,752.0,771.0,786.0,813.0,819.0,825.0,833.0,854.0,854.0
114,Merton,E09000024,0.0,0.0,0.0,0.0,0.0,0.0,0.0,0.0,0.0,0.0,0.0,0.0,0.0,0.0,0.0,0.0,0.0,0.0,0.0,0.0,0.0,0.0,0.0,0.0,0.0,0.0,0.0,0.0,0.0,0.0,0.0,0.0,0.0,0.0,0.0,0.0,0.0,1.0,1.0,1.0,1.0,1.0,3.0,3.0,3.0,4.0,10.0,17.0,20.0,27.0,33.0,34.0,40.0,50.0,63.0,74.0,83.0,90.0,98.0,113.0,136.0,159.0,173.0,197.0,211.0,224.0,247.0,275.0,302.0,335.0,358.0,372.0,389.0,426.0,443.0,457.0,479.0,491.0,509.0,518.0,538.0,550.0,560.0,574.0,590.0,596.0,602.0,612.0,615.0,615.0
115,Newham,E09000025,0.0,0.0,0.0,0.0,0.0,0.0,0.0,0.0,0.0,0.0,0.0,0.0,0.0,0.0,0.0,0.0,0.0,0.0,0.0,0.0,0.0,0.0,0.0,0.0,0.0,0.0,0.0,0.0,0.0,0.0,0.0,0.0,0.0,0.0,0.0,0.0,0.0,0.0,0.0,0.0,0.0,0.0,0.0,0.0,0.0,1.0,2.0,5.0,7.0,10.0,14.0,21.0,30.0,35.0,47.0,53.0,67.0,73.0,86.0,112.0,124.0,157.0,195.0,233.0,268.0,288.0,325.0,369.0,409.0,443.0,500.0,543.0,567.0,608.0,648.0,684.0,717.0,741.0,769.0,783.0,803.0,818.0,835.0,848.0,864.0,872.0,878.0,887.0,896.0,898.0
116,Redbridge,E09000026,0.0,0.0,0.0,0.0,0.0,0.0,0.0,0.0,0.0,0.0,0.0,0.0,0.0,0.0,0.0,0.0,0.0,0.0,0.0,0.0,0.0,0.0,0.0,0.0,0.0,0.0,0.0,0.0,0.0,0.0,1.0,1.0,1.0,1.0,1.0,1.0,1.0,1.0,2.0,2.0,2.0,2.0,2.0,2.0,2.0,2.0,2.0,2.0,2.0,5.0,8.0,13.0,19.0,27.0,39.0,51.0,56.0,66.0,78.0,95.0,106.0,121.0,136.0,157.0,172.0,191.0,215.0,241.0,263.0,291.0,311.0,335.0,357.0,383.0,430.0,459.0,489.0,500.0,511.0,535.0,554.0,568.0,575.0,588.0,595.0,599.0,606.0,619.0,623.0,625.0
117,Richmond upon Thames,E09000027,0.0,0.0,0.0,0.0,0.0,0.0,0.0,0.0,0.0,0.0,0.0,0.0,0.0,0.0,0.0,0.0,0.0,0.0,0.0,0.0,0.0,0.0,0.0,0.0,0.0,0.0,0.0,0.0,0.0,0.0,0.0,0.0,0.0,0.0,0.0,0.0,0.0,0.0,0.0,0.0,0.0,0.0,2.0,2.0,2.0,2.0,2.0,3.0,4.0,7.0,7.0,9.0,13.0,18.0,23.0,27.0,36.0,38.0,47.0,63.0,76.0,91.0,103.0,122.0,133.0,148.0,160.0,176.0,191.0,198.0,213.0,221.0,228.0,239.0,253.0,262.0,271.0,279.0,285.0,293.0,298.0,306.0,314.0,325.0,330.0,333.0,342.0,347.0,347.0,347.0
118,Southwark,E09000028,0.0,0.0,0.0,0.0,0.0,0.0,0.0,0.0,0.0,0.0,0.0,0.0,0.0,0.0,0.0,0.0,0.0,0.0,0.0,0.0,0.0,0.0,0.0,0.0,0.0,0.0,0.0,0.0,0.0,0.0,0.0,0.0,2.0,2.0,2.0,3.0,3.0,3.0,4.0,4.0,5.0,6.0,8.0,9.0,11.0,18.0,24.0,35.0,45.0,53.0,63.0,75.0,91.0,110.0,130.0,145.0,168.0,181.0,209.0,253.0,284.0,313.0,345.0,393.0,425.0,459.0,511.0,545.0,601.0,641.0,689.0,726.0,751.0,790.0,837.0,878.0,919.0,949.0,976.0,987.0,1009.0,1030.0,1052.0,1072.0,1087.0,1104.0,1108.0,1118.0,1126.0,1126.0
119,Sutton,E09000029,0.0,0.0,0.0,0.0,0.0,0.0,0.0,0.0,0.0,0.0,0.0,0.0,0.0,0.0,0.0,0.0,0.0,0.0,0.0,0.0,0.0,0.0,0.0,0.0,0.0,0.0,0.0,0.0,0.0,0.0,0.0,0.0,0.0,0.0,0.0,0.0,0.0,0.0,0.0,0.0,1.0,1.0,2.0,3.0,3.0,4.0,6.0,6.0,8.0,12.0,14.0,14.0,17.0,21.0,26.0,29.0,39.0,44.0,53.0,78.0,95.0,107.0,120.0,141.0,158.0,169.0,192.0,211.0,248.0,277.0,297.0,303.0,313.0,337.0,366.0,395.0,417.0,431.0,451.0,456.0,510.0,535.0,561.0,579.0,594.0,597.0,604.0,609.0,609.0,609.0
120,Tower Hamlets,E09000030,0.0,0.0,0.0,0.0,0.0,0.0,0.0,0.0,0.0,0.0,0.0,0.0,0.0,0.0,0.0,0.0,0.0,0.0,0.0,0.0,0.0,0.0,0.0,0.0,0.0,0.0,0.0,0.0,0.0,0.0,0.0,0.0,0.0,0.0,0.0,0.0,0.0,0.0,0.0,0.0,2.0,3.0,4.0,5.0,6.0,8.0,10.0,11.0,16.0,19.0,22.0,25.0,28.0,34.0,45.0,55.0,66.0,74.0,78.0,89.0,106.0,133.0,167.0,189.0,201.0,221.0,236.0,261.0,285.0,311.0,345.0,365.0,384.0,409.0,426.0,448.0,463.0,478.0,491.0,505.0,519.0,526.0,538.0,548.0,550.0,554.0,560.0,569.0,577.0,578.0
121,Waltham Forest,E09000031,0.0,0.0,0.0,0.0,0.0,0.0,0.0,0.0,0.0,0.0,0.0,0.0,0.0,0.0,0.0,0.0,0.0,0.0,0.0,0.0,0.0,0.0,0.0,0.0,0.0,0.0,0.0,0.0,0.0,0.0,0.0,0.0,0.0,0.0,0.0,0.0,0.0,0.0,0.0,0.0,0.0,1.0,2.0,2.0,2.0,3.0,3.0,5.0,6.0,8.0,11.0,15.0,17.0,22.0,33.0,42.0,55.0,67.0,70.0,91.0,102.0,126.0,160.0,187.0,208.0,232.0,256.0,292.0,317.0,344.0,374.0,395.0,421.0,446.0,466.0,487.0,512.0,528.0,543.0,561.0,580.0,596.0,621.0,628.0,634.0,647.0,658.0,671.0,677.0,677.0
122,Wandsworth,E09000032,0.0,0.0,0.0,0.0,0.0,0.0,0.0,0.0,0.0,0.0,0.0,0.0,0.0,0.0,0.0,0.0,0.0,0.0,0.0,0.0,0.0,0.0,0.0,0.0,0.0,0.0,0.0,0.0,0.0,0.0,0.0,0.0,0.0,0.0,0.0,0.0,0.0,1.0,2.0,3.0,3.0,3.0,3.0,3.0,5.0,7.0,16.0,26.0,38.0,42.0,53.0,65.0,78.0,98.0,113.0,130.0,153.0,169.0,185.0,212.0,240.0,284.0,316.0,346.0,366.0,389.0,415.0,456.0,493.0,531.0,558.0,584.0,601.0,635.0,661.0,687.0,711.0,741.0,755.0,761.0,775.0,793.0,812.0,831.0,849.0,860.0,864.0,871.0,871.0,871.0
123,Westminster,E09000033,0.0,0.0,0.0,0.0,0.0,0.0,0.0,0.0,0.0,0.0,0.0,0.0,0.0,0.0,0.0,0.0,0.0,0.0,0.0,0.0,0.0,0.0,0.0,0.0,0.0,0.0,0.0,0.0,0.0,0.0,0.0,0.0,0.0,0.0,0.0,0.0,0.0,1.0,1.0,2.0,3.0,4.0,9.0,11.0,12.0,18.0,24.0,38.0,52.0,60.0,70.0,75.0,89.0,99.0,108.0,117.0,132.0,145.0,157.0,179.0,194.0,217.0,237.0,250.0,270.0,287.0,313.0,325.0,343.0,360.0,387.0,403.0,420.0,431.0,446.0,460.0,479.0,488.0,499.0,507.0,517.0,528.0,543.0,553.0,559.0,562.0,565.0,568.0,570.0,570.0
124,Buckinghamshire,E10000002,0.0,0.0,0.0,0.0,0.0,0.0,0.0,0.0,0.0,0.0,0.0,0.0,0.0,0.0,0.0,0.0,0.0,0.0,0.0,0.0,0.0,0.0,0.0,0.0,0.0,0.0,0.0,0.0,0.0,0.0,0.0,0.0,0.0,0.0,0.0,0.0,0.0,1.0,1.0,1.0,2.0,2.0,3.0,4.0,5.0,7.0,14.0,18.0,28.0,34.0,37.0,39.0,48.0,54.0,60.0,66.0,73.0,84.0,96.0,104.0,113.0,136.0,146.0,163.0,184.0,195.0,224.0,247.0,266.0,298.0,322.0,343.0,356.0,382.0,419.0,451.0,473.0,499.0,518.0,525.0,546.0,567.0,592.0,620.0,649.0,667.0,682.0,690.0,691.0,691.0
125,Cambridgeshire,E10000003,0.0,0.0,0.0,0.0,0.0,0.0,0.0,0.0,0.0,0.0,0.0,0.0,0.0,0.0,0.0,0.0,0.0,0.0,0.0,0.0,0.0,0.0,0.0,0.0,0.0,0.0,0.0,0.0,0.0,0.0,0.0,0.0,0.0,0.0,0.0,0.0,0.0,0.0,0.0,1.0,1.0,2.0,2.0,2.0,2.0,2.0,5.0,6.0,10.0,14.0,14.0,16.0,17.0,18.0,27.0,34.0,43.0,52.0,57.0,71.0,88.0,105.0,117.0,135.0,144.0,156.0,181.0,201.0,214.0,236.0,253.0,272.0,298.0,317.0,343.0,370.0,400.0,424.0,438.0,451.0,464.0,484.0,498.0,528.0,554.0,563.0,579.0,598.0,603.0,603.0
126,Cumbria,E10000006,0.0,0.0,0.0,0.0,0.0,0.0,0.0,0.0,0.0,0.0,0.0,0.0,0.0,0.0,0.0,0.0,0.0,0.0,0.0,0.0,0.0,0.0,0.0,0.0,0.0,0.0,0.0,0.0,0.0,0.0,0.0,0.0,0.0,0.0,0.0,0.0,0.0,0.0,0.0,2.0,2.0,4.0,4.0,5.0,8.0,9.0,9.0,12.0,18.0,25.0,31.0,32.0,44.0,56.0,79.0,105.0,117.0,140.0,156.0,183.0,228.0,275.0,325.0,379.0,407.0,456.0,490.0,558.0,632.0,699.0,743.0,795.0,874.0,971.0,1043.0,1130.0,1199.0,1233.0,1258.0,1292.0,1344.0,1396.0,1432.0,1469.0,1500.0,1523.0,1542.0,1568.0,1584.0,1584.0
127,Derbyshire,E10000007,0.0,0.0,0.0,0.0,0.0,0.0,0.0,0.0,0.0,0.0,0.0,0.0,0.0,0.0,0.0,0.0,0.0,0.0,0.0,0.0,0.0,0.0,0.0,0.0,0.0,0.0,0.0,0.0,0.0,0.0,0.0,0.0,1.0,1.0,1.0,1.0,1.0,1.0,3.0,4.0,6.0,6.0,7.0,7.0,8.0,11.0,13.0,19.0,21.0,29.0,35.0,45.0,62.0,71.0,82.0,90.0,101.0,121.0,143.0,175.0,196.0,216.0,236.0,264.0,301.0,328.0,367.0,417.0,468.0,494.0,529.0,562.0,570.0,595.0,631.0,674.0,710.0,736.0,759.0,780.0,809.0,840.0,871.0,899.0,937.0,944.0,969.0,982.0,987.0,987.0
128,Devon,E10000008,0.0,0.0,0.0,0.0,0.0,0.0,0.0,0.0,0.0,0.0,2.0,2.0,2.0,2.0,2.0,2.0,2.0,2.0,2.0,2.0,2.0,2.0,2.0,2.0,2.0,2.0,2.0,2.0,2.0,2.0,2.0,2.0,2.0,2.0,2.0,2.0,2.0,2.0,5.0,11.0,14.0,15.0,19.0,19.0,20.0,20.0,21.0,22.0,24.0,30.0,32.0,35.0,39.0,41.0,44.0,44.0,47.0,48.0,52.0,57.0,63.0,78.0,93.0,105.0,118.0,128.0,137.0,152.0,177.0,200.0,219.0,252.0,272.0,286.0,311.0,323.0,344.0,372.0,388.0,419.0,443.0,468.0,494.0,514.0,545.0,559.0,566.0,583.0,592.0,594.0
129,East Sussex,E10000011,0.0,0.0,0.0,0.0,0.0,0.0,0.0,0.0,0.0,0.0,0.0,0.0,0.0,0.0,0.0,0.0,0.0,0.0,0.0,0.0,0.0,0.0,0.0,0.0,0.0,0.0,0.0,0.0,0.0,0.0,0.0,0.0,0.0,0.0,0.0,0.0,0.0,0.0,0.0,0.0,0.0,0.0,0.0,0.0,0.0,0.0,0.0,3.0,5.0,6.0,6.0,6.0,7.0,13.0,16.0,20.0,24.0,28.0,32.0,36.0,45.0,56.0,70.0,83.0,91.0,103.0,117.0,144.0,165.0,182.0,194.0,215.0,227.0,246.0,274.0,292.0,319.0,337.0,349.0,361.0,374.0,387.0,404.0,418.0,438.0,452.0,458.0,468.0,478.0,479.0
130,Essex,E10000012,0.0,0.0,0.0,0.0,0.0,0.0,0.0,0.0,0.0,0.0,0.0,0.0,0.0,0.0,0.0,0.0,0.0,0.0,0.0,0.0,0.0,0.0,0.0,0.0,0.0,0.0,0.0,0.0,0.0,0.0,0.0,0.0,0.0,0.0,0.0,1.0,1.0,1.0,1.0,2.0,4.0,4.0,5.0,5.0,5.0,6.0,8.0,11.0,18.0,29.0,33.0,39.0,44.0,54.0,63.0,73.0,87.0,106.0,136.0,187.0,224.0,292.0,354.0,424.0,481.0,535.0,611.0,698.0,806.0,906.0,999.0,1083.0,1136.0,1236.0,1327.0,1418.0,1481.0,1538.0,1599.0,1646.0,1728.0,1778.0,1840.0,1894.0,1938.0,1978.0,1999.0,2045.0,2069.0,2069.0
131,Gloucestershire,E10000013,0.0,0.0,0.0,0.0,0.0,0.0,0.0,0.0,0.0,0.0,0.0,0.0,0.0,0.0,0.0,0.0,0.0,0.0,0.0,0.0,0.0,0.0,0.0,0.0,0.0,0.0,0.0,0.0,0.0,0.0,0.0,0.0,0.0,1.0,1.0,1.0,1.0,2.0,2.0,2.0,3.0,3.0,3.0,3.0,4.0,5.0,5.0,7.0,9.0,12.0,12.0,15.0,19.0,24.0,32.0,34.0,41.0,50.0,58.0,65.0,79.0,103.0,118.0,137.0,160.0,177.0,210.0,240.0,274.0,305.0,335.0,379.0,410.0,446.0,500.0,558.0,599.0,662.0,694.0,732.0,772.0,799.0,841.0,898.0,924.0,956.0,985.0,1004.0,1021.0,1021.0
132,Hampshire,E10000014,0.0,0.0,0.0,0.0,0.0,0.0,0.0,0.0,0.0,0.0,0.0,0.0,0.0,0.0,0.0,0.0,0.0,0.0,0.0,0.0,0.0,0.0,0.0,0.0,0.0,0.0,0.0,0.0,0.0,0.0,0.0,0.0,0.0,0.0,1.0,1.0,1.0,1.0,1.0,1.0,2.0,3.0,9.0,9.0,10.0,17.0,19.0,28.0,52.0,67.0,72.0,83.0,102.0,117.0,134.0,159.0,189.0,212.0,247.0,296.0,330.0,373.0,429.0,487.0,566.0,615.0,700.0,778.0,849.0,936.0,1025.0,1098.0,1172.0,1274.0,1389.0,1475.0,1548.0,1631.0,1683.0,1754.0,1833.0,1897.0,1991.0,2068.0,2156.0,2216.0,2263.0,2326.0,2364.0,2371.0
133,Hertfordshire,E10000015,0.0,0.0,0.0,0.0,0.0,0.0,0.0,0.0,0.0,0.0,1.0,1.0,1.0,1.0,1.0,1.0,1.0,1.0,1.0,1.0,1.0,1.0,1.0,1.0,1.0,1.0,1.0,1.0,1.0,1.0,1.0,1.0,1.0,1.0,1.0,1.0,1.0,4.0,4.0,9.0,11.0,11.0,15.0,17.0,19.0,21.0,26.0,32.0,34.0,43.0,47.0,62.0,68.0,73.0,97.0,120.0,141.0,161.0,174.0,232.0,277.0,333.0,382.0,434.0,479.0,542.0,628.0,705.0,789.0,891.0,968.0,1021.0,1083.0,1174.0,1252.0,1337.0,1415.0,1492.0,1547.0,1598.0,1655.0,1716.0,1769.0,1826.0,1873.0,1912.0,1944.0,1984.0,1995.0,1996.0
134,Kent,E10000016,0.0,0.0,0.0,0.0,0.0,0.0,0.0,1.0,1.0,1.0,2.0,2.0,2.0,2.0,2.0,2.0,2.0,2.0,2.0,2.0,2.0,2.0,2.0,2.0,2.0,2.0,2.0,2.0,2.0,2.0,2.0,2.0,2.0,2.0,2.0,2.0,2.0,2.0,2.0,3.0,3.0,5.0,6.0,6.0,7.0,9.0,13.0,16.0,22.0,29.0,34.0,39.0,47.0,52.0,64.0,78.0,94.0,101.0,122.0,170.0,207.0,261.0,316.0,374.0,423.0,482.0,544.0,637.0,748.0,830.0,922.0,989.0,1061.0,1203.0,1323.0,1426.0,1543.0,1665.0,1723.0,1840.0,1958.0,2025.0,2200.0,2365.0,2547.0,2649.0,2715.0,2808.0,2826.0,2826.0
135,Lancashire,E10000017,0.0,0.0,0.0,0.0,0.0,0.0,0.0,0.0,0.0,0.0,0.0,0.0,0.0,0.0,0.0,0.0,0.0,0.0,0.0,0.0,0.0,0.0,0.0,0.0,0.0,0.0,0.0,0.0,0.0,0.0,0.0,0.0,0.0,0.0,0.0,0.0,0.0,2.0,2.0,2.0,2.0,4.0,4.0,4.0,4.0,5.0,5.0,7.0,12.0,15.0,15.0,17.0,24.0,28.0,38.0,52.0,60.0,69.0,85.0,120.0,161.0,199.0,262.0,306.0,348.0,384.0,481.0,568.0,659.0,753.0,865.0,955.0,1049.0,1162.0,1267.0,1364.0,1467.0,1538.0,1628.0,1689.0,1770.0,1857.0,1935.0,2025.0,2106.0,2181.0,2229.0,2293.0,2302.0,2305.0
136,Leicestershire,E10000018,0.0,0.0,0.0,0.0,0.0,0.0,0.0,0.0,0.0,0.0,0.0,0.0,0.0,0.0,0.0,0.0,0.0,0.0,0.0,0.0,0.0,0.0,0.0,0.0,0.0,0.0,0.0,0.0,0.0,0.0,0.0,0.0,0.0,0.0,1.0,1.0,1.0,2.0,2.0,2.0,2.0,3.0,4.0,4.0,4.0,7.0,7.0,11.0,13.0,15.0,16.0,18.0,20.0,24.0,36.0,52.0,58.0,67.0,92.0,110.0,131.0,144.0,160.0,175.0,190.0,194.0,208.0,252.0,297.0,316.0,342.0,362.0,393.0,424.0,444.0,462.0,496.0,523.0,546.0,558.0,571.0,593.0,620.0,666.0,700.0,716.0,736.0,766.0,776.0,776.0
137,Lincolnshire,E10000019,0.0,0.0,0.0,0.0,0.0,0.0,0.0,0.0,0.0,0.0,0.0,0.0,0.0,0.0,0.0,0.0,0.0,0.0,0.0,0.0,0.0,0.0,0.0,0.0,0.0,0.0,0.0,0.0,0.0,0.0,0.0,0.0,0.0,0.0,0.0,0.0,0.0,0.0,0.0,2.0,2.0,2.0,2.0,2.0,2.0,3.0,7.0,9.0,12.0,12.0,12.0,14.0,14.0,16.0,21.0,24.0,29.0,33.0,35.0,43.0,56.0,67.0,90.0,107.0,129.0,144.0,172.0,198.0,231.0,245.0,282.0,301.0,322.0,359.0,388.0,403.0,425.0,454.0,477.0,501.0,523.0,554.0,579.0,614.0,636.0,650.0,677.0,703.0,712.0,712.0
138,Norfolk,E10000020,0.0,0.0,0.0,0.0,0.0,0.0,0.0,0.0,0.0,0.0,0.0,0.0,0.0,0.0,0.0,0.0,0.0,0.0,0.0,0.0,0.0,0.0,0.0,0.0,0.0,0.0,0.0,0.0,0.0,0.0,0.0,0.0,0.0,0.0,0.0,0.0,0.0,0.0,0.0,0.0,0.0,0.0,0.0,0.0,0.0,0.0,1.0,2.0,3.0,9.0,10.0,11.0,16.0,22.0,31.0,34.0,37.0,43.0,49.0,61.0,75.0,87.0,113.0,133.0,156.0,177.0,204.0,229.0,251.0,278.0,321.0,350.0,386.0,433.0,484.0,541.0,594.0,642.0,694.0,734.0,788.0,844.0,899.0,946.0,1001.0,1041.0,1095.0,1136.0,1169.0,1169.0
139,Northamptonshire,E10000021,0.0,0.0,0.0,0.0,0.0,0.0,0.0,0.0,0.0,0.0,0.0,0.0,0.0,0.0,0.0,0.0,0.0,0.0,0.0,0.0,0.0,0.0,0.0,0.0,0.0,0.0,0.0,0.0,0.0,0.0,0.0,0.0,0.0,0.0,0.0,0.0,1.0,1.0,1.0,2.0,2.0,3.0,5.0,6.0,6.0,8.0,8.0,12.0,15.0,17.0,19.0,20.0,21.0,25.0,25.0,35.0,45.0,52.0,65.0,82.0,98.0,128.0,149.0,169.0,188.0,211.0,264.0,312.0,366.0,417.0,473.0,515.0,549.0,592.0,616.0,649.0,682.0,709.0,742.0,761.0,779.0,812.0,841.0,868.0,883.0,908.0,938.0,950.0,952.0,952.0
140,North Yorkshire,E10000023,0.0,0.0,0.0,0.0,0.0,0.0,0.0,0.0,0.0,0.0,0.0,0.0,0.0,0.0,0.0,0.0,0.0,0.0,0.0,0.0,0.0,0.0,0.0,0.0,0.0,0.0,0.0,0.0,0.0,0.0,0.0,0.0,0.0,0.0,0.0,0.0,0.0,0.0,0.0,1.0,1.0,1.0,2.0,2.0,2.0,3.0,5.0,5.0,8.0,10.0,11.0,11.0,14.0,16.0,19.0,22.0,30.0,41.0,43.0,56.0,65.0,77.0,89.0,107.0,120.0,134.0,165.0,184.0,216.0,235.0,267.0,294.0,316.0,346.0,378.0,407.0,433.0,457.0,481.0,508.0,535.0,550.0,586.0,610.0,631.0,649.0,664.0,699.0,716.0,718.0
141,Nottinghamshire,E10000024,0.0,0.0,0.0,0.0,0.0,0.0,0.0,0.0,0.0,0.0,0.0,0.0,0.0,0.0,0.0,0.0,0.0,0.0,0.0,0.0,0.0,0.0,0.0,0.0,0.0,0.0,0.0,0.0,1.0,1.0,1.0,1.0,1.0,1.0,1.0,1.0,1.0,1.0,1.0,4.0,4.0,4.0,6.0,8.0,8.0,8.0,9.0,15.0,19.0,23.0,31.0,36.0,41.0,44.0,54.0,63.0,72.0,82.0,89.0,97.0,114.0,131.0,167.0,198.0,228.0,259.0,294.0,334.0,368.0,408.0,448.0,475.0,495.0,525.0,561.0,594.0,646.0,663.0,686.0,714.0,740.0,785.0,814.0,849.0,890.0,902.0,912.0,934.0,944.0,946.0
142,Oxfordshire,E10000025,0.0,0.0,0.0,0.0,0.0,0.0,0.0,0.0,0.0,0.0,0.0,0.0,0.0,0.0,0.0,0.0,0.0,0.0,0.0,0.0,0.0,0.0,0.0,0.0,0.0,0.0,0.0,0.0,0.0,0.0,0.0,0.0,0.0,0.0,0.0,0.0,0.0,0.0,1.0,4.0,4.0,4.0,7.0,8.0,9.0,12.0,18.0,23.0,24.0,27.0,27.0,32.0,35.0,44.0,51.0,64.0,70.0,76.0,84.0,106.0,128.0,143.0,169.0,197.0,219.0,240.0,279.0,330.0,372.0,442.0,512.0,551.0,600.0,650.0,722.0,785.0,845.0,915.0,946.0,985.0,1038.0,1089.0,1127.0,1175.0,1222.0,1256.0,1284.0,1310.0,1314.0,1314.0
143,Somerset,E10000027,0.0,0.0,0.0,0.0,0.0,0.0,0.0,0.0,0.0,0.0,0.0,0.0,0.0,0.0,0.0,0.0,0.0,0.0,0.0,0.0,0.0,0.0,0.0,0.0,0.0,0.0,0.0,0.0,0.0,0.0,0.0,0.0,0.0,0.0,0.0,0.0,0.0,0.0,0.0,0.0,0.0,0.0,1.0,1.0,1.0,1.0,3.0,5.0,8.0,11.0,13.0,14.0,14.0,14.0,15.0,16.0,19.0,22.0,24.0,28.0,32.0,37.0,44.0,52.0,57.0,61.0,70.0,78.0,86.0,105.0,120.0,126.0,135.0,151.0,161.0,176.0,189.0,205.0,223.0,234.0,248.0,264.0,282.0,313.0,347.0,360.0,368.0,388.0,401.0,401.0
144,Staffordshire,E10000028,0.0,0.0,0.0,0.0,0.0,0.0,0.0,0.0,0.0,0.0,0.0,0.0,0.0,0.0,0.0,0.0,0.0,0.0,0.0,0.0,0.0,0.0,0.0,0.0,0.0,0.0,0.0,0.0,0.0,0.0,0.0,0.0,0.0,0.0,0.0,0.0,0.0,0.0,1.0,2.0,3.0,4.0,4.0,4.0,4.0,5.0,6.0,7.0,10.0,16.0,20.0,27.0,35.0,40.0,51.0,64.0,79.0,97.0,111.0,137.0,158.0,196.0,234.0,269.0,292.0,337.0,378.0,419.0,473.0,531.0,578.0,620.0,652.0,693.0,750.0,799.0,856.0,916.0,955.0,990.0,1029.0,1080.0,1135.0,1186.0,1233.0,1280.0,1322.0,1370.0,1402.0,1405.0
145,Suffolk,E10000029,0.0,0.0,0.0,0.0,0.0,0.0,0.0,0.0,0.0,0.0,0.0,0.0,0.0,0.0,0.0,0.0,0.0,0.0,0.0,0.0,0.0,0.0,0.0,0.0,0.0,0.0,0.0,0.0,0.0,0.0,0.0,0.0,0.0,0.0,0.0,0.0,0.0,0.0,0.0,0.0,0.0,0.0,0.0,1.0,1.0,1.0,1.0,1.0,3.0,4.0,8.0,15.0,16.0,19.0,20.0,23.0,29.0,34.0,38.0,60.0,72.0,77.0,95.0,115.0,121.0,141.0,164.0,190.0,219.0,239.0,270.0,289.0,320.0,349.0,376.0,413.0,441.0,474.0,497.0,520.0,544.0,564.0,601.0,653.0,682.0,704.0,722.0,805.0,814.0,814.0
146,Surrey,E10000030,0.0,0.0,0.0,0.0,0.0,0.0,0.0,0.0,0.0,0.0,0.0,0.0,0.0,0.0,0.0,0.0,0.0,0.0,0.0,0.0,0.0,0.0,0.0,0.0,0.0,0.0,0.0,0.0,0.0,0.0,0.0,0.0,1.0,1.0,1.0,2.0,2.0,2.0,2.0,4.0,4.0,4.0,6.0,6.0,8.0,11.0,16.0,21.0,37.0,42.0,51.0,60.0,73.0,92.0,126.0,148.0,174.0,198.0,234.0,284.0,325.0,379.0,434.0,490.0,546.0,595.0,695.0,760.0,852.0,922.0,986.0,1055.0,1121.0,1207.0,1324.0,1404.0,1468.0,1550.0,1615.0,1669.0,1764.0,1849.0,1960.0,2032.0,2093.0,2137.0,2153.0,2175.0,2176.0,2176.0
147,Warwickshire,E10000031,0.0,0.0,0.0,0.0,0.0,0.0,0.0,0.0,0.0,0.0,0.0,0.0,0.0,0.0,0.0,0.0,0.0,0.0,0.0,0.0,0.0,0.0,0.0,0.0,0.0,0.0,0.0,0.0,0.0,0.0,1.0,1.0,1.0,1.0,1.0,1.0,1.0,1.0,3.0,3.0,5.0,7.0,7.0,7.0,7.0,8.0,11.0,13.0,17.0,20.0,21.0,24.0,32.0,36.0,51.0,59.0,71.0,80.0,87.0,115.0,135.0,149.0,177.0,195.0,221.0,247.0,287.0,307.0,336.0,387.0,427.0,462.0,486.0,523.0,560.0,592.0,632.0,662.0,696.0,718.0,746.0,766.0,793.0,831.0,857.0,899.0,928.0,953.0,955.0,955.0
148,West Sussex,E10000032,0.0,0.0,0.0,0.0,0.0,0.0,0.0,0.0,0.0,0.0,0.0,0.0,0.0,0.0,0.0,0.0,0.0,0.0,0.0,0.0,0.0,0.0,0.0,0.0,0.0,0.0,0.0,0.0,0.0,0.0,0.0,1.0,1.0,1.0,1.0,1.0,1.0,3.0,3.0,3.0,3.0,3.0,3.0,3.0,3.0,5.0,5.0,7.0,8.0,11.0,17.0,18.0,21.0,30.0,39.0,48.0,56.0,66.0,75.0,89.0,109.0,132.0,152.0,171.0,188.0,204.0,236.0,268.0,293.0,314.0,366.0,399.0,426.0,476.0,531.0,570.0,608.0,634.0,661.0,690.0,722.0,755.0,789.0,838.0,879.0,906.0,922.0,941.0,943.0,943.0
149,Worcestershire,E10000034,0.0,0.0,0.0,0.0,0.0,0.0,0.0,0.0,0.0,0.0,0.0,0.0,0.0,0.0,0.0,0.0,0.0,0.0,0.0,1.0,1.0,1.0,1.0,1.0,1.0,1.0,1.0,1.0,1.0,1.0,1.0,1.0,1.0,1.0,1.0,1.0,1.0,1.0,1.0,1.0,1.0,1.0,1.0,1.0,1.0,3.0,6.0,10.0,14.0,14.0,15.0,19.0,22.0,28.0,33.0,42.0,56.0,69.0,78.0,92.0,109.0,131.0,154.0,176.0,211.0,239.0,284.0,321.0,355.0,386.0,422.0,438.0,462.0,498.0,541.0,582.0,621.0,652.0,689.0,711.0,736.0,784.0,826.0,861.0,911.0,944.0,959.0,983.0,985.0,985.0
